SP,GD,NUM_MUT,DROPPED_PAIRS,SEQS,IUCN
Aceros_corrugatus,0.013363213,187,0,6,NT
Aceros_undulatus,0.021828683,415,0,7,LC
Acrocephalus_aequinoctialis,0.001836553,23,0,6,EN
Acrocephalus_agricola,0.006434597,6514,368,50,LC
Acrocephalus_arundinaceus,0.004294648,43,16,7,LC
Acrocephalus_australis,0.00393354,233,24,13,LC
Acrocephalus_baeticatus,0.009324518,2039,42,24,LC
Acrocephalus_bistrigiceps,0.015900406,551,14,10,LC
Acrocephalus_brevipennis,0.0029558,585,0,20,VU
Acrocephalus_concinens,0.003882724,54,0,6,LC
Acrocephalus_dumetorum,0.006125876,172,214,18,LC
Acrocephalus_familiaris,8.92339e-4,1375,0,74,CR
Acrocephalus_gracilirostris,0.016106062,593,32,11,LC
Acrocephalus_melanopogon,0.01398708,960,24,13,LC
Acrocephalus_mendanae,0.020588812,5872,0,26,LC
Acrocephalus_newtoni,0.006445902,41,24,8,LC
Acrocephalus_palustris,0.002764014,2810,110,52,LC
Acrocephalus_rufescens,0.0090766,341,0,9,LC
Acrocephalus_schoenobaenus,0.004386294,167,48,12,LC
Acrocephalus_scirpaceus,0.013348519,97696,268,134,LC
Acrocephalus_stentoreus,0.022131313,1234,0,12,LC
Actinodura_egertoni,0.003390277,58,0,6,LC
Adelomyia_melanogenys,0.051714398,35165,0,35,LC
Aegithalos_caudatus,0.007301462,60895,0,134,LC
Aegithalos_concinnus,0.015393069,380804,0,230,LC
Aegithalos_fuliginosus,2.1571e-4,144,0,39,LC
Aegolius_acadicus,0.001364361,1797,106,54,LC
Aegolius_funereus,0.006328416,142,174,17,LC
Aegotheles_bennettii,0.037688709,551,48,11,LC
Aegotheles_cristatus,0.004937713,36,16,6,LC
Aegypius_monachus,0.016604156,4033,160,42,NT
Agelaius_phoeniceus,0.008354552,627,26,14,LC
Ailuroedus_buccoides,0.012877208,463,0,10,LC
Ailuroedus_crassirostris,0.009086738,201,0,8,LC
Ailuroedus_melanotis,0.01163359,976,0,15,LC
Aimophila_botterii,0.00501592,3551,176,48,LC
Aimophila_cassinii,0.001455166,28,0,8,LC
Alaemon_alaudipes,0.025794108,380,0,6,LC
Alcippe_chrysotis,0.034435454,445,0,6,LC
Alcippe_cinerea,0.025200113,305,0,6,LC
Alcippe_cinereiceps,0.040660626,430,0,6,LC
Alcippe_dubia,0.054608685,886,12,8,LC
Alcippe_morrisonia,0.003426301,234,0,15,LC
Alcippe_poioicephala,0.028051504,2106,0,14,LC
Alectoris_graeca,0.001436751,26,36,9,NT
Alectoris_magna,0.003240344,726,0,24,LC
Alectrurus_risora,0.003632499,138,0,11,VU
Alectura_lathami,0.001742934,6232,472,125,LC
Alethe_poliocephala,0.040888096,4454,0,15,LC
Amaurornis_phoenicurus,0.002861542,14,18,6,LC
Amazona_farinosa,0.021959342,4515,46,24,NT
Amazona_ochrocephala,0.023467533,632,0,9,LC
Amblycercus_holosericeus,0.027584429,369,0,6,LC
Ammomanes_deserti,0.050175949,720,0,6,LC
Amphispiza_belli,0.007988643,40770,0,95,LC
Anairetes_flavirostris,0.027446674,163,18,6,LC
Anairetes_nigrocristatus,0.001613036,269,0,19,LC
Anairetes_reguloides,0.001226593,1531,102,52,LC
Anas_platyrhynchos,7.42335e-4,784,2120,74,LC
Anas_strepera,6.778e-4,1007,0,55,LC
Andropadus_latirostris,0.017999638,1053,0,14,LC
Andropadus_tephrolaemus,0.025627063,2210,0,17,LC
Anodorhynchus_hyacinthinus,3.71676e-4,1494,0,86,VU
Anser_albifrons,0.008761247,12498,236,61,LC
Anser_anser,6.70279e-4,40,10,12,LC
Anser_cygnoides,0.008611358,4518,62,32,VU
Anser_erythropus,0.006281464,19986,176,89,VU
Anser_fabalis,5.82293e-4,14,0,8,LC
Anthus_berthelotii,0.002184244,71,0,9,LC
Anthus_rufulus,0.006828134,135,0,7,LC
Anthus_similis,0.023059714,1392,0,12,LC
Aphelocoma_californica,0.001788429,686,0,32,LC
Aphelocoma_ultramarina,0.008292683,102,0,6,LC
Aphelocoma_unicolor,0.043089431,2756,0,13,LC
Aphrastura_spinicauda,0.001665846,45,16,9,LC
Aptenodytes_forsteri,0.003030087,63462,0,235,NT
Aptenodytes_patagonicus,0.012019703,279,0,7,LC
Apteryx_australis,0.012713002,44031,184,93,VU
Apteryx_haastii,0.001938623,344,426,30,VU
Apteryx_mantelli,0.003769785,10339,508,82,VU
Apteryx_owenii,0.006087874,1021,1748,53,NT
Apus_affinis,0.004522474,823,34,25,LC
Apus_apus,0.003440925,369,38,18,LC
Apus_berliozi,0.002352668,26,0,6,LC
Apus_pacificus,0.015931488,287,0,7,LC
Apus_pallidus,0.003350236,42,0,6,LC
Aquila_audax,0.006053949,37,24,7,LC
Aquila_chrysaetos,0.005410831,112,0,7,LC
Aquila_fasciatus,0.003134999,1413,310,36,LC
Aquila_gurneyi,0,0,10,6,NT
Aquila_pomarina,0.015541689,154,10,6,LC
Aquila_rapax,0.008480353,85,10,6,LC
Arachnothera_longirostra,0.003020903,18245,0,107,LC
Aratinga_weddellii,0.001829656,7,16,6,LC
Arborophila_ardens,0.001312336,42,0,8,VU
Arborophila_gingica,0.002354739,148,0,11,NT
Ardea_cinerea,0.002083832,55,106,14,LC
Ardea_herodias,0.008740833,17,22,6,LC
Ardea_purpurea,0.004747037,30,8,6,LC
Ardeotis_arabs,0.008374511,244,0,8,NT
Arremon_aurantiirostris,0.053097413,3014,0,11,LC
Arremon_flavirostris,0.009781285,2752,0,26,LC
Asio_flammeus,0.011942491,109,36,9,LC
Asio_otus,0.017293967,443,126,16,LC
Athene_cunicularia,0.024348518,306,48,11,LC
Athene_noctua,0.045121127,1070,56,11,LC
Attila_spadiceus,0.007548186,40039,416,106,LC
Aulacorhynchus_coeruleicinctis,0.004735256,130,16,9,LC
Aulacorhynchus_derbianus,0.033618086,6390,80,22,LC
Aulacorhynchus_haematopygus,0.013080777,591,20,11,LC
Aulacorhynchus_prasinus,0.054842793,37387,1378,66,LC
Aulacorhynchus_sulcatus,0.003730945,439,32,17,LC
Automolus_ochrolaemus,0.025560424,330078,2196,166,LC
Automolus_rubiginosus,0.03113192,911,0,8,LC
Aythya_fuligula,0.001060152,56,0,11,LC
Baeolophus_inornatus,0.002529101,478,0,21,LC
Baeolophus_ridgwayi,0.001111111,45,0,10,LC
Bambusicola_thoracicus,0.001490198,155,0,14,LC
Baryphthengus_martii,0.051496426,2255,0,10,LC
Basileuterus_coronatus,0.00941748,8352,0,43,LC
Basileuterus_culicivorus,0.040446121,148736,168,85,LC
Basileuterus_hypoleucus,0.030417923,16944,0,33,LC
Basileuterus_leucoblepharus,0.005769394,8063,0,56,LC
Bernieria_zosterops,0.040535347,245109,0,116,LC
Bleda_canicapillus,0.019148504,16513,0,43,LC
Bleda_eximius,0.032796914,5951,0,20,NT
Bleda_notatus,0.038744277,47176,0,51,LC
Bleda_syndactylus,0.052515135,178897,0,85,LC
Bombycilla_cedrorum,0.028000626,403,26,8,LC
Bombycilla_garrulus,0.021930456,440,0,7,LC
Brachyramphus_brevirostris,0.006974252,86,30,8,NT
Brachyramphus_marmoratus,0.014416569,1589,60,17,EN
Bradypterus_davidi,0.002934725,64,0,7,LC
Bradypterus_mandelli,0.003855669,264,0,12,LC
Branta_canadensis,0,0,28,7,LC
Branta_hutchinsii,0,0,126,24,LC
Brotogeris_chiriri,7.41986e-4,10,0,6,LC
Brotogeris_chrysoptera,0.00378578,738,0,19,LC
Brotogeris_cyanoptera,0.014855825,890,0,11,LC
Brotogeris_jugularis,0.002365319,84,0,9,LC
Brotogeris_pyrrhoptera,0.002341689,70,0,9,EN
Brotogeris_sanctithomae,0.001268946,39,0,8,LC
Brotogeris_versicolurus,0.013735156,293,0,7,LC
Bubo_africanus,0.011692055,40,24,7,LC
Bubo_scandiaca,0.002728307,892,672,48,VU
Bubo_virginianus,0.028253568,191,48,10,LC
Bubulcus_ibis,0.007267273,132,76,11,LC
Burhinus_oedicnemus,0.011194515,1378,0,24,LC
Buteo_buteo,0.006011758,62,10,6,LC
Butorides_striata,0.015841737,362,4,9,LC
Bycanistes_brevis,0.001660646,34,0,7,LC
Cacicus_cela,0.016211499,218,0,6,LC
Cacicus_uropygialis,0.039247852,535,0,6,LC
Cairina_moschata,0.00307779,9364,0,81,LC
Calandrella_acutirostris,0.019170231,566,126,16,LC
Calandrella_brachydactyla,0.005969469,1472,720,38,LC
Calandrella_cinerea,0.015899238,3275,588,35,LC
Calandrella_rufescens,0.002375254,23,10,6,LC
Calcarius_lapponicus,0.002697095,3317,0,50,LC
Calidris_alpina,0.010282194,30319,0,97,LC
Calidris_maritima,0.001762646,48709,0,285,LC
Calidris_ptilocnemis,0.001372084,2415,0,59,LC
Calonectris_diomedea,0.0073937,3864,1138,49,LC
Camarhynchus_pallidus,0.002490449,34,0,6,VU
Camarhynchus_parvulus,0.002039266,23,0,6,LC
Camarhynchus_psittacula,0.003027723,39,0,6,VU
Campephilus_principalis,0.013686919,108,0,6,CR
Campylorhamphus_procurvoides,0.025595228,4501,0,19,LC
Campylorhamphus_pusillus,0.02071985,566,0,8,LC
Campylorhamphus_trochilirostris,0.003149056,145,0,10,LC
Capito_auratus,0.034736729,6662,0,20,LC
Capito_wallacei,0.001630812,94,0,11,VU
Caprimulgus_europaeus,0.06366877,497,20,7,LC
Caprimulgus_longirostris,0.012582004,828,0,12,LC
Cardinalis_cardinalis,0.033217681,11076,150,28,LC
Carduelis_barbata,0.003459741,49,0,6,LC
Carduelis_cannabina,6.66751e-4,10,0,7,LC
Carduelis_chloris,0.002548762,87,20,11,LC
Carduelis_flavirostris,0.005290492,424,0,14,LC
Carduelis_magellanica,0.008620878,3655,0,30,LC
Carduelis_sinica,0.001804226,23,0,6,LC
Carduelis_spinus,0.013164648,548,0,10,LC
Carduelis_tristis,0.007941118,16,56,9,LC
Carpodacus_eos,0.001461088,12,10,6,LC
Carpodacus_erythrinus,0.006169266,529,0,16,LC
Carpodacus_mexicanus,0.0079286,58,92,12,LC
Carpodacus_pulcherrimus,0.020166954,2913,64,22,LC
Carpodacus_rodopeplus,0.045053524,487,0,6,LC
Carpodacus_roseus,0.003053039,54,10,8,LC
Carpodacus_rubicilloides,0.008945897,70,14,7,LC
Carpodacus_synoicus,0.022121475,289,8,8,LC
Carpodacus_thura,0.028669032,1061,0,11,LC
Carpodacus_vinaceus,0.008824946,3929,0,33,LC
Casmerodius_albus,0.006879696,30,28,7,LC
Casuarius_bennetti,0.0029172,7,16,6,LC
Casuarius_casuarius,0.003414772,110,30,16,LC
Casuarius_unappendiculatus,0.007445323,48,0,7,LC
Catamenia_inornata,0.007992962,477,0,12,LC
Catharacta_antarctica,0.00180417,21,0,6,LC
Catharacta_chilensis,0.00371732,122,0,9,LC
Catharacta_lonnbergi,0.002988815,61,0,7,LC
Catharacta_maccormicki,0.00177909,34,14,8,LC
Catharacta_skua,0.001900877,34,2,7,LC
Cathartes_aura,3.2693e-4,5,12,7,LC
Catharus_frantzii,0.010762637,8712,406,51,LC
Catharus_fuscescens,9.24362e-4,144,0,18,LC
Catharus_guttatus,0.011181893,36880,0,80,LC
Catharus_minimus,0.002377027,391,0,18,LC
Catharus_ustulatus,0.010056264,30853,154,78,LC
Celeus_grammicus,0.005169753,134,0,9,LC
Certhia_brachydactyla,0.011328125,319,0,11,LC
Certhia_familiaris,0.012712099,1834,84,25,LC
Certhia_himalayana,0.005022321,54,14,8,LC
Certhia_hodgsoni,0.016493056,304,0,9,LC
Certhidea_olivacea,0.017903149,1027,0,12,VU
Certhilauda_chuana,0.001777286,74,26,14,LC
Cettia_acanthizoides,0.003042464,47,0,6,LC
Cettia_cetti,0.019385882,898,0,10,LC
Cettia_diphone,0.011263975,786,0,13,LC
Cettia_fortipes,0.027162169,394,0,6,LC
Chalcophaps_indica,0.021728997,333,0,6,LC
Chamaea_fasciata,0.001830253,3826,122,62,LC
Charadrius_obscurus,7.88363e-4,82,0,14,CR
Chen_canagica,2.84576e-4,2,82,11,NT
Chiroxiphia_caudata,0.035679333,234347,536,136,LC
Chlamydotis_undulata,3.39022e-4,31,144,18,VU
Chlidonias_hybrida,0.007470854,157,20,11,LC
Chlidonias_niger,0.004079684,250,68,19,LC
Chlorocharis_emiliae,0.011610817,9312,0,38,LC
Chlorophanes_spiza,0.003219948,8216,212,74,LC
Chloropsis_aurifrons,0.020335601,1055,2,14,LC
Chloropsis_cochinchinensis,0.034460837,1824,0,14,NT
Chloropsis_cyanopogon,0.043507975,341,0,6,NT
Chloropsis_hardwickii,0.023406482,981,26,14,LC
Chloropsis_sonnerati,0.013671619,218,0,8,VU
Chlorospingus_ophthalmicus,0.050728544,6901,0,16,LC
Chondrohierax_uncinatus,0.004511062,426,0,14,LC
Chordeiles_minor,0.023778185,249,28,8,LC
Chrysococcyx_minutillus,0.002393776,1504,0,48,LC
Chrysocolaptes_lucidus,0.044878088,230,16,7,LC
Chrysolophus_amherstiae,0.017630119,175,8,6,LC
Cinclus_cinclus,0.002641194,24070,212,137,LC
Circus_cyaneus,0.009323938,533,26,14,LC
Circus_spilonotus,0,0,0,9,LC
Cisticola_juncidis,0.019735992,930,0,10,LC
Clytorhynchus_vitiensis,0.004655674,72,0,6,LC
Coccothraustes_coccothraustes,0.007661108,71,18,7,LC
Coccyzus_americanus,0.006151343,4492,82,42,LC
Coereba_flaveola,0.030141417,57095,0,72,LC
Colaptes_auratus,0.014844928,325,14,8,LC
Collocalia_elaphra,0,0,16,6,VU
Collocalia_esculenta,0.048545689,14945,874,42,LC
Collocalia_linchi,0.007945258,172,20,9,LC
Collocalia_maxima,0.004241115,2374,290,38,LC
Collocalia_salangana,0.018658941,411,70,12,LC
Colluricincla_harmonica,0.023326924,660,0,8,LC
Colluricincla_megarhyncha,0.036468062,70104,2032,175,LC
Colonia_colonus,0.047787152,7292,0,18,LC
Columba_bollii,3.42334e-4,6,0,7,LC
Columba_livia,0.001678836,3200,856,66,LC
Columba_palumbus,0.001880075,181,0,18,LC
Columbina_passerina,0.003829314,54,0,6,LC
Conopophaga_aurita,0.054379702,1923,0,9,LC
Conopophaga_lineata,0.035376983,901,16,9,LC
Conopophaga_melanops,0.013192679,272,0,7,LC
Copsychus_saularis,0.034464437,18949,0,32,LC
Corvus_cryptoleucus,0.006630766,88,60,11,LC
Corvus_macrorhynchos,0.004343686,103408,1648,210,LC
Corvus_splendens,0.002460722,11517,0,91,LC
Coryphospingus_cucullatus,0.003463494,46,0,6,LC
Coturnicops_noveboracensis,0.004175097,384,0,19,LC
Crax_rubra,0.01299403,114,10,6,VU
Crossoptilon_auritum,0.005905512,70,0,6,LC
Crossoptilon_crossoptilon,0.007665037,174,0,8,NT
Crossoptilon_harmani,0.012164495,208,0,7,NT
Crossoptilon_mantchuricum,0.006366652,74,0,6,VU
Crypturellus_soui,0.046829881,746,0,6,LC
Cuculus_canorus,0.005089059,20,12,7,LC
Culicicapa_ceylonensis,0.004234307,419,0,15,LC
Cyanerpes_caeruleus,0.010068481,7576,140,41,LC
Cyanocitta_stelleri,0.003026962,2799,0,43,LC
Cyanocorax_chrysops,0.007235437,105,0,6,LC
Cyanocorax_yncas,0.035054277,520,0,6,LC
Cyanoliseus_patagonus,0.004971179,31507,316,159,LC
Cyanopica_cyanus,0.007299839,66180,0,128,LC
Cyanopsitta_spixii,0.005092949,90,14,8,CR
Cyanoramphus_auriceps,0.001928718,8,18,6,NT
Cygnus_atratus,0.003980355,7,22,6,LC
Cymbilaimus_lineatus,0.015122756,18774,100,51,LC
Cyornis_hainanus,0.005436213,413,0,13,LC
Cyornis_pallipes,7.20461e-4,21,0,8,LC
Cyornis_rubeculoides,0.019403676,846,0,10,LC
Cypsiurus_balasiensis,0.002697928,25,8,7,LC
Daphoenositta_chrysoptera,0.037282044,594,0,6,LC
Dendragapus_fuliginosus,2.32784e-4,72,0,25,LC
Dendrexetastes_rufigula,0.010382784,2574,0,23,LC
Dendrocincla_fuliginosa,0.037756972,1180403,2024,257,LC
Dendrocincla_merula,0.026414975,395,0,6,LC
Dendrocincla_turdina,0.016451575,337,0,7,LC
Dendrocolaptes_certhia,0.015786415,15518,0,45,LC
Dendrocolaptes_picumnus,0.046767225,456,10,6,LC
Dendrocolaptes_platyrostris,0.004464377,2309,0,33,LC
Dendrocolaptes_sanctithomae,0.002535962,92,0,9,LC
Dendrocopos_leucotos,0.003933943,166,20,11,LC
Dendrocopos_macei,0.038862904,185,16,6,LC
Dendrocopos_major,0.005475264,1618,0,26,LC
Dendroica_coronata,0.019595259,458,0,7,LC
Dendroplex_kienerii,6.08349e-4,116,0,21,NT
Dendroplex_picus,0.016730289,251,0,6,LC
Dicaeum_trigonostigma,0.023258799,1380,0,11,LC
Drymophila_devillei,0.01413553,289,0,11,LC
Elanoides_forficatus,0.016854227,235,16,9,LC
Eleoscytalopus_indigoticus,0.018164148,93,0,6,NT
Emberiza_cioides,0.001224165,34,0,8,LC
Emberiza_citrinella,0.002470948,49,32,10,LC
Emberiza_elegans,0.009640252,695,0,15,LC
Emberiza_fucata,0.057220632,1023,0,7,LC
Emberiza_godlewskii,0.024824841,1296,0,12,LC
Emberiza_hortulana,0.002619616,28,0,6,LC
Emberiza_pallasi,0.001947412,32,24,8,LC
Emberiza_pusilla,0.01675648,258,12,7,LC
Emberiza_rustica,0.014020404,1507,0,16,VU
Emberiza_rutila,0.003450656,48,0,6,LC
Emberiza_schoeniclus,0.003666478,334,252,25,LC
Emberiza_spodocephala,0.005772692,261,14,12,LC
Emberiza_tahapisi,0.020823949,354,0,7,LC
Emberiza_tristrami,0.002314887,44,0,7,LC
Empidonax_alnorum,0.002891596,14490,804,137,LC
Empidonax_traillii,0.003399804,16276,552,95,LC
Eopsaltria_australis,0.030475984,20078,0,35,LC
Epinecrophylla_fulviventris,0.002183411,61,0,8,LC
Epinecrophylla_leucophthalma,0.017500438,288,48,11,LC
Eremophila_alpestris,0.014462449,7588,0,35,LC
Eremopterix_nigriceps,0.022724753,288,0,6,LC
Ergaticus_ruber,0.002993954,7429,0,77,LC
Ergaticus_versicolor,0.001235665,22,0,7,VU
Erithacus_akahige,0.004436186,3310,0,39,LC
Erithacus_komadori,0.021392746,603,0,8,NT
Erithacus_rubecula,0.016935645,157071,292,147,LC
Erpornis_zantholeuca,0.01771993,270,12,7,LC
Eucometis_penicillata,0.01223738,11228,0,44,LC
Eudocimus_albus,0.001576355,88,0,11,LC
Eudocimus_ruber,0.001593961,104,0,12,LC
Eudynamys_scolopaceus,0,0,24,6,LC
Eudyptes_chrysocome,0.004920408,300,0,12,VU
Eudyptes_chrysolophus,0.002182641,33,0,6,VU
Eudyptes_moseleyi,3.98091e-4,6,0,7,EN
Eudyptula_minor,0.019489052,891,150,20,LC
Eumyias_albicaudatus,0.013008242,2825,0,20,LC
Eunymphicus_uvaeensis,0,0,0,6,VU
Eupodotis_senegalensis,0.004761111,77,12,7,LC
Eurystomus_orientalis,0.001022934,31,32,10,LC
Falco_cherrug,0.003938183,120,0,8,EN
Falco_columbarius,0.023944061,342,0,6,LC
Falco_eleonorae,0.00402769,96,0,7,LC
Falco_naumanni,0.027956209,636,0,7,LC
Falco_pelegrinoides,0.001034577,16,0,6,LC
Falco_peregrinus,0.004092469,5487,102,52,LC
Falco_sparverius,0.007965662,125,12,7,LC
Falco_tinnunculus,0.005080726,648,32,17,LC
Falco_vespertinus,0.005191338,48,10,6,NT
Ficedula_albicilla,8.12171e-4,460,0,34,LC
Ficedula_hyperythra,0.025931119,376,0,6,LC
Ficedula_hypoleuca,0.001837102,41,26,9,LC
Ficedula_mugimaki,0.003998698,62,0,6,LC
Ficedula_nigrorufa,0.003898161,462,0,16,LC
Ficedula_parva,0.001933073,238,0,16,LC
Ficedula_zanthopygia,0.002749326,43,0,6,LC
Formicarius_colma,0.010774962,113,0,8,LC
Formicivora_rufa,0.007199986,81,42,10,LC
Forpus_conspicillatus,0.00618114,340,98,18,LC
Forpus_cyanopygius,0.001708079,132,18,14,NT
Forpus_modestus,0.01772933,2020,0,15,LC
Forpus_passerinus,0.002965086,271,80,17,LC
Forpus_xanthopterygius,0.03481754,2781,54,15,LC
Francolinus_afer,0.016155209,716,20,11,LC
Francolinus_coqui,0.038169525,1315,38,11,LC
Francolinus_levaillantoides,0.028085219,526,0,7,LC
Francolinus_sephaena,0.03228426,309,10,6,LC
Fregata_magnificens,0.002037721,2863,0,64,LC
Fregata_minor,0.013526696,944,0,14,LC
Fregetta_grallaria,0.041347131,835,36,10,LC
Fregetta_tropica,0.005272286,76,12,7,LC
Fringilla_coelebs,0.017230014,68833,222,112,LC
Fringilla_montifringilla,0.007214683,238,0,9,LC
Fringilla_teydea,6.35897e-4,226,0,27,NT
Fulica_atra,0.012557481,177,26,8,LC
Galerida_cristata,0.010307056,1022,164,21,LC
Galerida_theklae,0.021564349,1091,24,13,LC
Gallinago_gallinago,0.005508197,41,20,7,LC
Gallinula_chloropus,8.75998e-4,9,20,7,LC
Gallirallus_australis,0.006459852,100,70,12,VU
Gallirallus_philippensis,0.00411083,134,180,19,LC
Garrulax_affinis,0.016450018,330,4,8,LC
Garrulax_canorus,0.004845128,153150,0,241,LC
Garrulax_chinensis,0.010863245,28517,140,71,LC
Garrulax_cineraceus,0.006473853,82,0,6,LC
Garrulax_delesserti,0.001525387,126,0,13,LC
Garrulax_elliotii,0.004626874,15678,0,90,LC
Garrulax_erythrocephalus,0.028604656,606,0,8,LC
Garrulax_formosus,0.003779276,40,0,6,LC
Garrulax_milnei,0.00806165,84,0,6,LC
Garrulax_ocellatus,0.008764056,205,14,9,LC
Garrulax_pectoralis,0.020531884,256,0,6,LC
Garrulax_poecilorhynchus,0.015758131,220,0,6,LC
Garrulax_sannio,0.007106037,129,8,8,LC
Garrulax_taewanus,0.002911515,395,0,16,NT
Garrulus_glandarius,0.022568563,97534,0,98,LC
Gavia_immer,8.30337e-4,512,152,40,LC
Geositta_cunicularia,0.01706562,77,24,7,LC
Geospiza_difficilis,0.011108247,1148,0,16,LC
Geospiza_fortis,0.003355555,85,0,8,LC
Geospiza_fuliginosa,0.00463552,89,0,7,LC
Geospiza_magnirostris,0.002223107,57,0,8,LC
Geospiza_scandens,0.004489522,142,0,9,LC
Geothlypis_poliocephala,0.011212597,173,0,6,LC
Geothlypis_trichas,0.007353494,896,0,16,LC
Glaucidium_brasilianum,0.015819134,12300,514,48,LC
Glyphorynchus_spirurus,0.050864258,6018136,84250,573,LC
Goura_cristata,9.11348e-4,68,0,12,VU
Goura_scheepmakeri,9.33217e-4,16,0,6,VU
Goura_victoria,0.001895692,292,0,17,NT
Grallaria_capitalis,0.013515575,1433,0,16,LC
Grallaria_hypoleuca,0.001231086,31,0,8,LC
Grallaria_przewalskii,6.17531e-4,25,0,10,VU
Grus_antigone,0.004104032,258,22,12,VU
Grus_canadensis,0.008373953,268,16,9,LC
Grus_japonensis,0.006405449,205,0,8,EN
Guaruba_guarouba,0.015092853,87,16,6,VU
Gygis_alba,0.003844861,17981,274,138,LC
Gymnorhina_tibicen,0.01686971,1292,64,18,LC
Gypaetus_barbatus,0.021745032,317,0,6,NT
Gyps_africanus,0.002604324,408,0,18,CR
Gyps_bengalensis,0.002746238,534,0,20,CR
Gyps_coprotheres,0.003793073,58,0,6,EN
Gyps_fulvus,0.002601714,451,0,19,LC
Gyps_himalayensis,0.001569475,45,0,8,LC
Gyps_indicus,0.001560216,24,0,6,CR
Gyps_rueppellii,0.002236329,48,0,7,CR
Habia_fuscicauda,0.007316909,335,0,10,LC
Habia_rubica,0.049119468,244638,0,101,LC
Halobaena_caerulea,5.20028e-4,244,0,33,LC
Hapalopsittaca_amazonina,0.005714649,145,0,8,VU
Hemiphaga_novaeseelandiae,0.004712493,148,0,9,NT
Henicorhina_leucosticta,0.04409867,43734,0,43,LC
Heterophasia_capistrata,0.005432845,57,10,7,LC
Hieraaetus_pennatus,0.001783296,27,12,7,LC
Hieraaetus_spilogaster,0.001887918,28,0,6,LC
Hippolais_caligata,0.026251515,343,0,6,LC
Hippolais_opaca,0.003789253,48,36,9,LC
Hippolais_pallida,0.007107691,177,132,17,LC
Hippolais_rama,0.002292854,28,12,7,LC
Hirundo_rustica,0.006069164,53229,254,129,LC
Hydrobates_pelagicus,0.007655966,1258,190,24,LC
Hylopezus_macularius,0.025202527,448,0,10,LC
Hylophilus_ochraceiceps,0.031567797,4487,0,17,LC
Hylophylax_naevioides,0.008258002,138,0,7,LC
Hylophylax_naevius,0.043636297,39334,0,43,LC
Hypocnemis_ochrogyna,0.004348363,14,24,7,VU
Hypocnemis_striata,0.01649435,464,32,10,LC
Hypothymis_azurea,0.008835674,119,0,6,LC
Hypsipetes_leucocephalus,0.002646665,459,0,18,LC
Icteria_virens,0.010182589,133,0,6,LC
Icterus_abeillei,8.10578e-4,126,0,19,LC
Icterus_cayanensis,0.008220666,998,0,16,LC
Icterus_dominicensis,0.029131325,400,0,6,LC
Icterus_galbula,0.001941838,1007,0,34,LC
Icterus_spurius,0.002109892,127,0,12,LC
Illadopsis_rufipennis,0.025925633,3930,0,18,LC
Iole_indica,0.008907977,560,0,11,LC
Irena_cyanogastra,0.031262762,316,0,7,NT
Irena_puella,0.012591004,788,4,16,LC
Ithaginis_cruentus,0.036755818,11616,0,28,LC
Ixos_amaurotis,0.002601929,98,54,12,LC
Ketupa_blakistoni,0.008659855,277,0,8,EN
Lagopus_lagopus,0.002204993,107,52,16,LC
Lagopus_muta,0.001302741,1286,90,46,LC
Lalage_nigra,0.02065714,850,0,9,LC
Lampornis_amethystinus,0.00841627,39862,3648,164,LC
Lanius_collurio,0.014592458,545,0,9,LC
Lanius_excubitor,0.011036567,4608,0,33,LC
Lanius_ludovicianus,0.0030041,234,104,17,NT
Lanius_meridionalis,0.003037665,1516,68,35,VU
Lanius_schach,0.005168112,310,0,11,LC
Larus_argentatus,0.005139561,10538,746,72,LC
Larus_cachinnans,0.005885471,1415,542,34,LC
Larus_canus,0.004690799,838,38,20,LC
Larus_crassirostris,7.49906e-4,6,16,6,LC
Larus_dominicanus,0.00349127,842,84,23,LC
Larus_fuscus,0.004191062,723,228,25,LC
Larus_glaucescens,0.002397042,10,30,8,LC
Larus_heermanni,8.23817e-4,34926,574,288,NT
Larus_hyperboreus,0.004425405,1058,46,24,LC
Larus_marinus,0.003718703,384,180,21,LC
Larus_michahellis,0.002147925,252,60,17,LC
Larus_occidentalis,3.74953e-4,18,98,14,LC
Larus_schistisagus,8.2021e-4,15,24,8,LC
Larus_thayeri,0.001499813,36,48,10,LC
Leiothrix_argentauris,0.005905926,64,8,6,LC
Lepidocolaptes_affinis,0.006261302,5991,0,45,LC
Lepidocolaptes_angustirostris,0.002641262,89,124,15,LC
Lepidocolaptes_lacrymiger,0,0,14,8,LC
Lepidocolaptes_souleyetii,0.017612398,565,18,10,LC
Lepidothrix_coronata,0.031942853,134995,11936,154,LC
Lepidothrix_iris,0.001923115,943,0,32,VU
Lepidothrix_nattereri,0.004319742,10939,576,76,LC
Lepidothrix_vilasboasi,0.002253458,101,0,10,VU
Leptopogon_amaurocephalus,0.003088857,559,0,20,LC
Leptotila_verreauxi,0.025395772,554,0,7,LC
Leucopternis_albicollis,0.01706723,1540,0,14,LC
Leucopternis_kuhli,0.004688226,72,0,6,LC
Leucopternis_melanops,0.01483141,429,0,8,LC
Leucopternis_occidentalis,0,0,0,9,EN
Leucosticte_tephrocotis,0.001298715,970,0,40,LC
Lewinia_muelleri,5.60538e-4,14,0,8,VU
Lewinia_pectoralis,0.002192327,88,20,11,LC
Liocichla_phoenicea,0.017072623,205,28,9,LC
Liocichla_steerii,0.003452546,30,58,10,LC
Locustella_ochotensis,0.021499798,1578,0,12,LC
Locustella_pleskei,0.002021522,204,0,14,VU
Locustella_pryeri,0.00669719,306,0,10,NT
Lonchura_castaneothorax,0.005123854,5798,0,45,LC
Lonchura_flaviprymna,0.002430252,125,0,10,LC
Lonchura_forbesi,3.11072e-4,16,0,10,LC
Lonchura_grandis,0.006999125,1520,0,20,LC
Lonchura_hunsteini,0,0,0,6,LC
Lonchura_melaena,0.001325592,100,0,12,LC
Lonchura_nevermanni,0.001905317,98,0,10,LC
Lonchura_spectabilis,0.001092749,316,0,23,LC
Lophorina_superba,0.0177471,12599,0,40,LC
Lophura_nycthemera,0.013617723,133935,270,137,LC
Loxia_curvirostra,0.007998317,616,0,13,LC
Loxigilla_noctis,0.00690855,409,0,12,LC
Loxops_coccineus,0.001084991,6,42,8,EN
Luscinia_brunnea,0.002654504,294,0,15,LC
Luscinia_calliope,0.009683986,225155,0,209,LC
Luscinia_cyane,0.014647711,306,0,7,LC
Luscinia_pectardens,0.00343369,55,0,6,NT
Luscinia_pectoralis,0.026086117,4990,0,20,LC
Luscinia_svecica,0.003069418,11352,4556,151,LC
Macronectes_giganteus,0.007808754,620,0,15,LC
Macronectes_halli,0.00357565,121,0,10,LC
Malacocincla_malaccensis,0.030835225,52275,2900,79,NT
Malacoptila_fulvogularis,0.012523668,334,0,8,LC
Malacoptila_fusca,0.018229428,5485,0,26,LC
Malacoptila_rufa,0.032910668,127323,0,95,LC
Malacoptila_semicincta,0.002933417,837,0,25,LC
Malacoptila_striata,0.028596567,931,0,9,NT
Megalaima_haemacephala,0.019586083,4581,42,22,LC
Megapodius_reinwardt,0.007056382,293,0,11,LC
Megascops_asio,0.012053817,651,220,21,LC
Megascops_atricapilla,0.009054363,73,24,7,LC
Megascops_choliba,0.010600064,131,50,10,LC
Megascops_guatemalae,0.062669743,2179,72,13,LC
Megascops_hoyi,0.016523156,190,40,9,LC
Megascops_kennicottii,0.020891955,375,26,9,LC
Megascops_watsonii,0.038081161,260,16,6,LC
Melanerpes_aurifrons,0.025184159,1783,20,14,LC
Melanerpes_carolinus,0.008121129,381,0,10,LC
Melanerpes_erythrocephalus,5.92895e-4,9,0,6,NT
Melanerpes_formicivorus,0.00791772,5381,0,48,LC
Melanerpes_pucherani,0.003167571,45,0,6,LC
Melanerpes_pygmaeus,0.003363307,39,0,6,LC
Melanerpes_striatus,0.079560318,1126,0,6,LC
Melanerpes_uropygialis,0.002305372,43,0,7,LC
Melospiza_melodia,0.002507872,10040,1260,97,LC
Merops_apiaster,0.002805656,35438,0,171,LC
Metallura_tyrianthina,0.025165712,130,0,6,LC
Microcerculus_marginatus,0.04137334,179773,1234,101,LC
Microrhopias_quixensis,0.039513754,818,0,7,LC
Miliaria_calandra,0.001803124,37,0,7,LC
Milvus_migrans,0.005786031,1266,480,32,LC
Milvus_milvus,5.52122e-4,46,150,20,NT
Mimus_parvulus,0.026375842,994,0,12,LC
Minla_cyanouroptera,0.008025277,77,8,6,LC
Minla_ignotincta,0.032093275,686,12,8,LC
Mionectes_oleagineus,0.014335264,7915,0,34,LC
Mirafra_javanica,0.006809239,102,0,6,LC
Monarcha_browni,0.020858766,367,0,7,NT
Monarcha_castaneiventris,0.009505335,147,0,6,LC
Monticola_sharpei,0.018193551,640,18,10,LC
Monticola_solitarius,0.028304035,1402,0,11,LC
Montifringilla_adamsi,0.003865827,153,0,10,LC
Montifringilla_blanfordi,0.00481049,190,0,10,LC
Montifringilla_nivalis,0.003672437,3445,444,77,LC
Montifringilla_ruficollis,0.007990272,4659,0,37,LC
Montifringilla_taczanowskii,0.005126583,3875,0,42,LC
Morus_bassanus,0.006636889,90,12,7,LC
Motacilla_alba,0.002131328,56,0,8,LC
Motacilla_cinerea,0.006237844,302,18,12,LC
Motacilla_citreola,0.005390625,40,24,8,LC
Motacilla_flava,0.028533589,1833,176,19,LC
Muscicapa_striata,0.022734938,1909,170,23,LC
Myadestes_ralloides,0.040320821,650,12,7,LC
Myiagra_ferrocyanea,0.009893307,153,0,6,LC
Myiagra_hebetior,0.007630133,118,0,6,VU
Myiarchus_nugator,0.001367521,28,0,7,LC
Myiarchus_tyrannulus,0.001321937,58,0,10,LC
Myioborus_albifacies,0.001634869,28,0,6,LC
Myioborus_castaneocapilla,0.002501661,60,0,7,LC
Myioborus_miniatus,0.022122235,2301,0,14,LC
Myioborus_ornatus,0.003577331,184,0,10,LC
Myiomela_albiventris,0.012880195,5827,0,30,EN
Myiomela_major,0.002004448,309,0,18,EN
Myrmeciza_exsul,0.006922874,142,0,7,LC
Myrmeciza_hemimelaena,0.015034305,32324,0,67,LC
Myrmotherula_axillaris,0.024832936,659702,0,230,LC
Myrmotherula_gularis,0.001939139,3825,0,64,LC
Myrmotherula_hauxwelli,0.020337954,295,36,11,LC
Myrmotherula_iheringi,0.01244515,299,0,10,LC
Myrmotherula_longipennis,0.026269973,367,36,11,LC
Myrmotherula_schisticolor,0.026636431,555,0,7,LC
Nectarinia_humbloti,0.018741212,85,0,6,LC
Nectarinia_jugularis,0.031782808,7011,0,21,LC
Nectarinia_oritis,0.011487137,1516,0,22,LC
Nectarinia_sovimanga,0.006672085,42,0,7,LC
Nesospiza_acunhae,2.45098e-4,15,32,17,VU
Newtonia_amphichroa,0.012631774,24641,138,73,LC
Newtonia_archboldi,9.68556e-4,51,0,12,LC
Newtonia_brunneicauda,0.011016894,23425,0,74,LC
Niltava_sundara,0.001182292,24,0,7,LC
Ninox_novaeseelandiae,0.027666346,115,20,7,LC
Ninox_scutulata,0.007907921,14682,0,64,LC
Nipponia_nippon,5.36865e-4,6,20,7,EN
Nisaetus_cirrhatus,0.007844094,748,104,28,LC
Nisaetus_nanus,0.003030303,8,10,6,VU
Nisaetus_nipalensis,0.007936205,230,112,18,LC
Numenius_tahitiensis,0.001811258,2135,0,50,VU
Nycticorax_nycticorax,0.012334064,124,66,10,LC
Oceanites_oceanicus,0.018925405,624,0,9,LC
Oceanodroma_castro,0.01966755,559,0,8,LC
Oceanodroma_leucorhoa,0.019266767,422,14,8,VU
Opisthocomus_hoazin,0.035882041,733,14,8,LC
Oreomystis_bairdi,0.002531646,6,24,6,CR
Oreomystis_mana,0,0,32,7,EN
Oriolus_chinensis,0.001428571,4,10,6,LC
Orthonyx_novaeguineae,0.036250808,203,0,7,LC
Otis_tarda,0.003397549,184,160,17,VU
Otus_elegans,0.009835309,1023,0,14,NT
Otus_longicornis,0.01038167,148,24,8,NT
Otus_megalotis,0.023694329,1266,44,13,LC
Otus_rutilus,0.003254306,754,0,34,LC
Otus_scops,0.002865524,271,112,18,LC
Otus_semitorques,0.00309776,1016,0,27,LC
Otus_sunia,0.005248453,75,0,6,LC
Pachycephala_pectoralis,0.05127142,954,12,8,LC
Pachyptila_belcheri,0.002467765,1158,0,33,LC
Pachyptila_desolata,0.001893111,1060,0,36,LC
Pachyptila_salvini,0.001158484,140,0,17,LC
Pachyptila_turtur,0.001126126,15,0,6,LC
Pachyptila_vittata,0.002589389,1617,0,38,LC
Pandion_haliaetus,0.012047642,159042,8388,209,LC
Paradoxornis_alphonsianus,0.002219576,345,0,19,LC
Paradoxornis_brunneus,0.01618308,516,0,8,LC
Paradoxornis_fulvifrons,0.006433065,194,0,8,LC
Paradoxornis_gularis,0.00947299,364,18,10,LC
Paradoxornis_guttaticollis,0.022876224,538,12,8,LC
Paradoxornis_nipalensis,0.050393701,864,12,7,LC
Paradoxornis_unicolor,0.004141149,71,0,6,LC
Paradoxornis_webbianus,0.009770686,101878,286,144,LC
Paroaria_capitata,8.88153e-4,44,0,10,LC
Paroaria_coronata,8.93508e-4,118,0,16,LC
Paroaria_gularis,0.01480501,473,0,8,LC
Paroreomyza_montana,4.21941e-4,1,24,6,EN
Parula_pitiayumi,0.026233326,404,0,6,LC
Parus_ater,0.02619632,57839,36,85,LC
Parus_atricapillus,0.001195952,1988,606,80,LC
Parus_caeruleus,0.007331829,4297,742,48,LC
Parus_carolinensis,0.00308541,10475,206,105,LC
Parus_cyanus,0.001309703,51,100,15,LC
Parus_major,0.016522486,13911,310,54,LC
Parus_montanus,0.012174251,23593,2586,85,LC
Parus_monticolus,0.003850056,43360,638,163,LC
Parus_palustris,0.015736912,89870,442,113,LC
Parus_rubidiventris,0.015201748,1186,0,16,LC
Parus_rufescens,0.001051791,1178,0,47,LC
Parus_varius,0.036461317,837,0,7,LC
Parus_venustulus,0.001053852,12,0,6,LC
Passer_domesticus,0.002902501,537,118,27,LC
Passer_insularis,0.005994006,108,0,12,LC
Passer_montanus,0.003647591,414,64,18,LC
Passerella_iliaca,0.014757116,353,44,13,LC
Passerina_leclancherii,0.005529282,7418,0,61,LC
Patagioenas_subvinacea,0.0031562,49,0,6,VU
Pellorneum_ruficeps,0.020583846,3551,0,19,LC
Penelopides_panini,0.002731033,52,10,9,EN
Perdix_dauurica,0.0024698,76,0,8,LC
Pernis_celebensis,0.017670683,264,20,11,LC
Pernis_ptilorhyncus,0.017039587,1188,0,21,LC
Petrochelidon_fulva,0.006990331,676,0,15,LC
Petroica_australis,0.00521928,65,12,8,LC
Petroica_macrocephala,0.006386555,76,16,9,LC
Pezoporus_wallicus,0.013954793,2488,0,21,LC
Phaeothlypis_fulvicauda,0.042968641,2155,20,11,LC
Pheucticus_ludovicianus,0.006530333,95,0,6,LC
Phlegopsis_nigromaculata,0.007863428,138,132,15,LC
Phodilus_badius,0.010188239,64,16,6,LC
Phoebastria_albatrus,0.00309128,53,0,6,VU
Phoebastria_nigripes,0.00615611,261,24,13,NT
Phoebetria_fusca,0,0,0,15,EN
Phoebetria_palpebrata,5.05034e-4,80,36,19,NT
Phoenicurus_auroreus,0.015993292,716,0,10,LC
Phoenicurus_ochruros,0.032068662,7141,0,23,LC
Phoenicurus_phoenicurus,0.025072604,847,0,9,LC
Phrygilus_alaudinus,0.007045635,76,0,6,LC
Phrygilus_fruticeti,0.006822263,129,0,7,LC
Phrygilus_unicolor,0.025000512,735,0,9,LC
Phyllastrephus_cabanisi,0.010091949,180,0,8,LC
Phylloscopus_affinis,0.012009222,836,36,17,LC
Phylloscopus_armandii,0.025716202,1561,0,14,LC
Phylloscopus_borealis,0.00909103,3978,56,34,LC
Phylloscopus_chloronotus,0.00490524,102,40,12,LC
Phylloscopus_claudiae,0.003824241,954,0,28,LC
Phylloscopus_collybita,0.01468545,3203,0,22,LC
Phylloscopus_coronatus,0.006241078,85,0,6,LC
Phylloscopus_davisoni,0.006118952,112,0,8,LC
Phylloscopus_fuscatus,0.026266178,8933,64,34,LC
Phylloscopus_goodsoni,0.003900594,355,0,16,LC
Phylloscopus_griseolus,0.001088448,11,0,6,LC
Phylloscopus_hainanus,0.001526718,15,0,6,VU
Phylloscopus_humei,0.018136896,234,0,6,LC
Phylloscopus_inornatus,0.00756074,119,24,8,LC
Phylloscopus_ogilviegranti,0.00486362,448,0,17,LC
Phylloscopus_proregulus,0.003782641,138,112,15,LC
Phylloscopus_pulcher,0.00830654,15047,236,64,LC
Phylloscopus_reguloides,0.018640091,9812,74,39,LC
Phylloscopus_ricketti,0.004048281,52,0,6,LC
Phylloscopus_schwarzi,0.003709439,53,0,6,LC
Phylloscopus_subaffinis,4.29e-4,6,0,7,LC
Phylloscopus_trochiloides,0.033166484,1820,0,12,LC
Phylloscopus_trochilus,0.004187619,1212,0,25,LC
Phylloscopus_xanthoschistos,0.00514866,55,0,6,LC
Phylloscopus_yunnanensis,0.008144796,54,0,6,LC
Piaya_cayana,0.017955076,21639,400,53,LC
Pica_pica,0.022052083,427615,0,187,LC
Picoides_albolarvatus,0.001696823,5994,0,81,LC
Picoides_pubescens,0.004804259,36,20,7,LC
Picoides_villosus,0.006895465,3976,68,35,LC
Picus_canus,0.013831162,92,8,6,LC
Picus_viridis,0.010964075,124,38,10,LC
Pinaroloxias_inornata,0.005987918,80,0,6,VU
Pinicola_enucleator,0.016068618,15956,0,46,LC
Pionopsitta_pileata,0.006339838,98,0,6,LC
Pionus_sordidus,0.018646574,446,0,7,LC
Piranga_flava,0.035179271,538,0,6,LC
Piranga_ludoviciana,0.013665971,204,0,6,LC
Piranga_olivacea,0.004647985,48,10,6,LC
Piranga_rubra,0.00392614,5782,0,52,LC
Pitohui_dichrous,0.011877189,117,0,7,LC
Pitohui_kirhocephalus,0.003716439,31,0,6,LC
Pitta_erythrogaster,0.027177047,184357,0,136,LC
Pitta_nympha,0.001616067,206,0,21,VU
Platalea_leucorodia,5.63579e-4,5,10,6,LC
Platalea_minor,1.38e-6,4,882,92,EN
Platyspiza_crassirostris,0.005027397,126,0,8,LC
Plectrophenax_hyperboreus,7.40841e-4,682,0,41,LC
Plectrophenax_nivalis,0.00110926,1630,0,52,LC
Pnoepyga_albiventer,0.029893302,498,0,7,LC
Pnoepyga_pusilla,0.010786684,287,0,8,LC
Podargus_strigoides,0.036998392,316,34,8,LC
Pogoniulus_bilineatus,0.017040222,30954,0,61,LC
Poicephalus_robustus,0.003507956,15,10,6,VU
Polyplectron_katsumatae,0.001916427,46,0,7,EN
Polysticta_stelleri,0.010252176,723,0,18,VU
Pomarea_mendozae,0.002985843,58,0,7,EN
Pomatorhinus_ferruginosus,0.02891999,7632,0,23,LC
Pomatorhinus_horsfieldii,0.016398306,1941,0,15,LC
Pomatorhinus_hypoleucos,0.020855806,1692,0,13,LC
Pomatorhinus_musicus,0.004239684,903,0,20,LC
Pomatorhinus_ochraceiceps,0.059016211,1228,0,7,LC
Pomatorhinus_ruficollis,0.012390792,316355,0,217,LC
Pomatorhinus_schisticeps,0.042857118,9564,40,23,LC
Porphyrio_porphyrio,0.015989482,311,266,21,LC
Premnoplex_brunnescens,0.043717456,248785,0,106,LC
Premnoplex_tatei,0.015119617,237,0,6,EN
Procellaria_aequinoctialis,0.008999615,1752,0,26,VU
Progne_subis,0.01716728,716,0,10,LC
Protonotaria_citrea,0.00198332,33,0,6,LC
Prunella_collaris,0.021254337,567,0,8,LC
Prunella_fulvescens,0.014227032,306,0,7,LC
Prunella_immaculata,3.64299e-4,5,0,6,LC
Prunella_montanella,0.003223692,106,0,9,LC
Prunella_strophiata,0.003480432,162,0,10,LC
Psarocolius_angustifrons,0.010292685,334,0,9,LC
Psarocolius_decumanus,0.016108448,308,0,7,LC
Pseudopodoces_humilis,0.01664972,6081,0,29,LC
Psittacus_erithacus,0.024058862,1054,0,12,EN
Pterodroma_arminjoniana,0.007811786,513,0,12,VU
Pterodroma_feae,0.0021271,5114,0,78,NT
Pterodroma_incerta,9.99875e-4,24,0,7,EN
Pterodroma_macroptera,0.010378821,6647,0,35,LC
Pterodroma_madeira,9.53947e-4,1810,0,68,EN
Pterodroma_magentae,0.001390674,6084,0,88,CR
Pterodroma_mollis,0.001544301,36,28,9,LC
Pterodroma_neglecta,0.005276382,147,0,8,LC
Pterodroma_phaeopygia,0.002908097,1755,0,33,CR
Pterodroma_sandwichensis,0.005910343,186755,32580,402,VU
Pterodroma_solandri,0.001096929,16104,0,184,VU
Pteroglossus_azara,0.012001679,322,0,8,LC
Pteroglossus_bailloni,0.030411803,358,0,6,NT
Pteroglossus_castanotis,0.003632096,51,0,6,LC
Pteroglossus_inscriptus,0.006247492,148,0,8,LC
Pteruthius_aenobarbus,0.026152981,837,0,8,LC
Pteruthius_flaviscapis,0.022416567,2654,0,15,LC
Pteruthius_rufiventer,0.003499563,40,10,6,LC
Pteruthius_xanthochlorus,0.012351526,388,16,9,LC
Ptilinopus_rivoli,0.008831982,177,0,7,LC
Ptilonorhynchus_violaceus,0.010336548,39,18,6,LC
Ptiloris_intercedens,0.003596098,496,0,18,LC
Ptiloris_magnificus,0.00665059,1529,0,23,LC
Ptiloris_paradiseus,0.001230255,31,0,8,LC
Puffinus_carneipes,0.003814064,34128,580,147,NT
Puffinus_gavia,0.003722968,86,48,11,LC
Puffinus_griseus,0.009263568,1075,56,29,NT
Puffinus_lherminieri,0.003654691,124,36,11,LC
Puffinus_mauretanicus,0.002567766,10514,3230,112,CR
Puffinus_pacificus,0.001184483,20,22,12,LC
Puffinus_puffinus,0.005112971,80,24,8,LC
Puffinus_yelkouan,8.02891e-4,267,108,29,VU
Pycnonotus_goiavier,0.041258318,26813,0,35,LC
Pycnonotus_jocosus,0.010382375,868,0,13,LC
Pycnonotus_plumosus,0.002446499,467,116,31,LC
Pycnonotus_sinensis,0.005582157,174504,0,261,LC
Pygoscelis_adeliae,0.001700213,4433,0,77,LC
Pygoscelis_antarcticus,0.019155109,604,0,9,LC
Pygoscelis_papua,0.015485684,426,0,8,LC
Pyrilia_barrabandi,0.008144546,127,0,6,NT
Pyrilia_caica,0.004089231,92,0,7,NT
Pyrilia_vulturina,0.003120144,45,0,6,VU
Pyrocephalus_rubinus,0.011406073,23075,0,60,LC
Pyrrhocorax_pyrrhocorax,0.007583919,419,20,14,LC
Pyrrhula_aurantiaca,0.003279053,22,12,6,LC
Pyrrhula_erythaca,0.00233099,209,0,15,LC
Pyrrhula_erythrocephala,0.00291971,63,0,8,LC
Pyrrhula_murina,4.56593e-4,7,14,9,VU
Pyrrhula_nipalensis,0.005091998,203,20,11,LC
Pyrrhula_pyrrhula,0.00541347,5778,202,53,LC
Pyrrhura_griseipectus,0.001994977,61,0,8,EN
Pyrrhura_melanura,0.009287357,454,0,10,LC
Pyrrhura_pfrimeri,0.004221104,116,0,8,EN
Pyrrhura_picta,0.011694386,426,0,9,LC
Querula_purpurata,0.005666721,6183,102,52,LC
Quiscalus_mexicanus,0.00460203,46,10,6,LC
Quiscalus_niger,0.011314256,184,0,6,LC
Ramphastos_toco,0.006735219,128,0,7,LC
Ramphocelus_flammigerus,0.001718799,297,360,28,LC
Ramphocelus_icteronotus,0.004790716,10870,8288,130,LC
Regulus_goodfellowi,0.001972763,62,0,9,LC
Regulus_ignicapilla,0.001150586,14,0,6,LC
Regulus_madeirensis,0.002308056,267,0,15,LC
Regulus_regulus,0.014159859,27870,0,78,LC
Regulus_satrapa,0.014162596,232,14,8,LC
Remiz_macronyx,0.002779072,477,0,21,LC
Remiz_pendulinus,0.007118673,3420,0,35,LC
Rhegmatorhina_berlepschi,0.001055634,130,0,16,LC
Rhegmatorhina_cristata,0.003162296,118,0,9,LC
Rhegmatorhina_gymnops,0.001883309,1258,792,47,VU
Rhegmatorhina_hoffmannsi,0.007928565,4067,0,32,NT
Rhegmatorhina_melanosticta,0.005681947,5300,0,43,LC
Rhipidura_javanica,0.030912986,28859,0,41,LC
Rhopocichla_atriceps,0.018804718,1655,0,13,LC
Rostratula_benghalensis,0.055473122,1884,18,10,LC
Rowettia_goughensis,7.84314e-4,4,10,6,CR
Saltator_coerulescens,0.038920069,2053,0,11,LC
Saltator_grossus,0.015605042,1920,0,16,LC
Saltator_maximus,0.018061627,563,16,9,LC
Saxicola_caprata,0.029685134,3438,0,16,LC
Saxicola_dacotiae,0.004024828,50,10,7,NT
Saxicola_ferreus,0.030235531,454,10,7,LC
Saxicola_torquatus,0.0078348170000000009,968,0,17,LC
Schiffornis_turdina,0.055135511,963573,336,194,LC
Schiffornis_virescens,0.001833193,744,0,29,LC
Sclerurus_albigularis,0.024580442,1658,0,12,NT
Sclerurus_caudacutus,0.026950566,7602,0,24,LC
Sclerurus_guatemalensis,0.019010344,408,0,7,LC
Sclerurus_mexicanus,0.038290093,66725,0,59,LC
Sclerurus_rufigularis,0.038406187,15184,0,29,LC
Sclerurus_scansor,0.01058151,12576,0,49,LC
Scolopax_minor,0.00547403,362,0,15,LC
Scolopax_rusticola,0.010284148,8944,96,49,LC
Scytalopus_pachecoi,0.005409883,192,0,15,LC
Scytalopus_speluncae,0.039846112,79118,0,105,LC
Seicercus_affinis,0.015195522,379,0,8,LC
Seicercus_omeiensis,0.003520746,129,0,11,LC
Seicercus_soror,0.003465649,182,0,13,LC
Seicercus_tephrocephalus,0.002240845,33,0,7,LC
Seicercus_valentini,0.006834826,440,0,14,LC
Seicercus_whistleri,0.007347759,434,0,13,LC
Selenidera_gouldii,0.009868064,70,40,9,LC
Sheppardia_aurantiithorax,0.011954379,336,0,8,EN
Sheppardia_cyornithopsis,0.040742829,897,0,7,LC
Sialia_sialis,0.00429103,48,20,7,LC
Sitta_europaea,0.045442903,1167,0,8,LC
Sitta_pygmaea,0.001390334,401,48,25,LC
Sittasomus_griseicapillus,0.043173012,410,10,6,LC
Somateria_spectabilis,0.005239415,189,0,12,LC
Spheniscus_demersus,0.003761124,260,0,12,EN
Spheniscus_humboldti,0.001685035,223,0,17,VU
Spheniscus_magellanicus,0.003724881,146,0,10,NT
Spheniscus_mendiculus,0.00519542,86,0,7,EN
Sphyrapicus_ruber,0.002651135,1035,0,28,LC
Sphyrapicus_varius,0.052881442,532,10,6,LC
Spizella_breweri,0.001426583,50,16,10,LC
Spizixos_semitorques,0.002697654,19454,0,122,LC
Sporophila_bouvreuil,0.007190222,1556,100,27,LC
Sporophila_caerulescens,0.003217071,62,42,10,LC
Sporophila_cinnamomea,0.002421799,26,32,8,VU
Sporophila_collaris,0.002900324,74,16,9,LC
Sporophila_hypoxantha,0.003832813,1487,128,33,LC
Sporophila_melanogaster,0.005091466,126,16,9,NT
Sporophila_minuta,0.005098422,169,90,14,LC
Sporophila_palustris,0.0044859949999999996,175,40,12,EN
Sporophila_ruficollis,0.002780558,70,48,11,NT
Stachyris_chrysaea,0.004442087,76,12,7,LC
Stachyris_nigriceps,0.047750299,792,12,7,LC
Stachyris_ruficeps,0.025807101,156924,18,115,LC
Stephanoaetus_coronatus,0.005155559,11,16,6,NT
Stercorarius_longicaudus,0.002561558,44,0,7,LC
Sterna_bengalensis,0.009803922,135,20,11,LC
Sterna_hirundo,0.001670044,22,40,12,LC
Sterna_sandvicensis,0.016569696,148,28,9,LC
Stigmatopelia_chinensis,0.005603691,41,28,7,LC
Stiphrornis_erythrothorax,0.027164215,7580,48,25,LC
Stipiturus_malachurus,0.024809266,943,0,17,LC
Streptopelia_turtur,0.006656781,28046,0,98,VU
Strix_uralensis,0.010253526,80,32,8,LC
Strophocincla_cachinnans,0.002190923,35,0,6,EN
Strophocincla_fairbanki,0.006855796,414,0,12,NT
Sturnella_loyca,0.007629323,248,0,9,LC
Sturnella_magna,0.01993559,23413,0,46,LC
Sturnella_neglecta,0.002355563,132,0,11,LC
Sturnus_vulgaris,0.010647779,97,84,12,LC
Sula_dactylatra,0.010597128,71,0,6,LC
Sula_granti,0.003260972,65,18,9,LC
Sula_leucogaster,0.014230043,492,0,12,LC
Surnia_ulula,0.073931703,173,24,7,LC
Sylvia_atricapilla,0.007890955,2446,54,28,LC
Sylvia_borin,0.076145857,1010,0,6,LC
Sylvia_cantillans,0.027317354,114648,6338,134,LC
Sylvia_communis,0.009178915,133,0,6,LC
Sylvia_conspicillata,0.004438639,2450,0,35,LC
Sylvia_curruca,0.013614026,112863,678,133,LC
Sylvia_melanocephala,0.009733187,6879,0,40,LC
Sylvia_sarda,0.006570118,62,10,7,LC
Sylvietta_rufescens,0.030911796,2341,4,14,LC
Sylvietta_virens,0.007229733,658,0,14,LC
Sylvietta_whytii,0.004061832,146,0,9,LC
Sylviparus_modestus,0.003081608,567,0,19,LC
Synallaxis_infuscata,3.34943e-4,5,0,6,EN
Synallaxis_ruficapilla,0.011590386,752,0,12,LC
Synallaxis_whitneyi,0.001800481,27,0,6,NT
Syrmaticus_ellioti,0.001945202,80,0,9,NT
Tachymarptis_melba,0.03578904,2501,0,14,LC
Tachyphonus_coronatus,0.005122733,7301,0,55,LC
Tachyphonus_rufus,0.006807597,110,0,6,LC
Tangara_cayana,0.003693931,21,12,7,LC
Tangara_cyanicollis,0.012289664,14590,0,49,LC
Tangara_gyrola,0.02297617,102921,4,96,LC
Taraba_major,0.033572224,3038,0,14,LC
Tarsiger_cyanurus,0.008240631,8028,0,43,LC
Terpsiphone_cinnamomea,0.021883972,161,8,6,LC
Terpsiphone_mutata,0.028042151,255,0,6,LC
Terpsiphone_paradisi,0.025116733,1100,0,12,LC
Terpsiphone_rufiventer,0.021636387,245,0,6,LC
Terpsiphone_viridis,0.017867473,398,16,10,LC
Tersina_viridis,0.005775812,1518,184,27,LC
Tetrao_tetrix,0.001816043,56,44,14,LC
Tetrao_urogallus,0.004409846,1120,124,33,LC
Tetraogallus_himalayensis,0.007573347,3233,468,45,LC
Tetraogallus_tibetanus,0.003795726,488,48,23,LC
Thamnophilus_aethiops,0.025533061,76064,0,78,LC
Thamnophilus_ambiguus,0.005482371,1060,0,22,LC
Thamnophilus_caerulescens,0.00879631,68531,0,131,LC
Thamnophilus_doliatus,0.015092327000000001,149,10,6,LC
Thamnophilus_pelzelni,0.003117711,548,0,21,LC
Thamnophilus_unicolor,0.010718558,222,0,7,LC
Thraupis_episcopus,0.010247632,150,12,7,LC
Threskiornis_aethiopicus,0.001999734,8,22,7,LC
Tiaris_bicolor,0.004479931,525,0,17,LC
Tiaris_olivaceus,0.007303823,171,0,8,LC
Tityra_inquisitor,0.018776616,551,16,9,LC
Tityra_semifasciata,0.0103469,11441,94,48,LC
Tockus_erythrorhynchus,0.014422857,191,42,10,LC
Toxostoma_curvirostre,0.013646286,20030,0,83,LC
Toxostoma_redivivum,0.00348916,8034,130,66,LC
Tragopan_temminckii,0.003001214,48,0,6,LC
Troglodytes_aedon,0.021622494,210,14,7,LC
Troglodytes_troglodytes,0.013998292,12960,0,45,LC
Trogon_collaris,0.026250345,570,0,7,LC
Trogon_rufus,0.043731192,26251,0,35,LC
Tryngites_subruficollis,0.002174805,4836,0,77,NT
Turdus_assimilis,0.007166948,1566,0,21,LC
Turdus_daguae,0.003714969,59,0,6,LC
Turdus_falcklandii,0.002708595,1637,0,42,LC
Turdus_leucomelas,0.017291522,82,20,7,LC
Turdus_lherminieri,0.032681332,464,0,6,VU
Turdus_merula,0.012463658,23248,120,75,LC
Turdus_migratorius,0.002032505,484,236,27,LC
Turdus_naumanni,0.004817467,48,2,6,LC
Turdus_pallidus,0.002114653,13,24,7,LC
Turdus_philomelos,0.005512391,50,10,7,LC
Turdus_poliocephalus,0.014787733,664,0,10,LC
Turdus_rufopalliatus,0.009011956,9292,0,45,LC
Turdus_torquatus,0.00291252,1338,318,56,LC
Tyto_alba,0.041848759,13613,1002,46,LC
Upupa_epops,0.003932966,7080,0,57,LC
Uragus_sibiricus,0.005229591,275,0,12,LC
Uria_aalge,0.009853287,155,24,8,LC
Uria_lomvia,0.006587615,20,20,7,LC
Urosphena_squameiceps,0.010101649,288,0,8,LC
Vireo_cassinii,0.002076714,451,40,21,LC
Vireo_olivaceus,0.016102733,57,30,8,LC
Vireo_plumbeus,0.001826978,284,0,17,LC
Vireo_solitarius,0.002877293,89,32,10,LC
Volatinia_jacarina,0.010426085,259,48,11,LC
Willisornis_poecilinotus,0.015095746,22556,1368,69,LC
Wilsonia_pusilla,0.022991709,3847,132,35,LC
Xenopipo_atronitens,0.010228311,56,0,6,LC
Xenops_minutus,0.055272694,1163693,3050,215,LC
Xiphirhynchus_superciliaris,0.008869609,381,0,10,LC
Xiphorhynchus_elegans,0.012372121,13815,0,48,LC
Xiphorhynchus_erythropygius,0.011103661,227,0,7,LC
Xiphorhynchus_fuscus,0.01575777,9474,214,38,LC
Xiphorhynchus_guttatus,0.005309945,1985,0,33,LC
Xiphorhynchus_obsoletus,0.001071789,500,62,32,LC
Xiphorhynchus_ocellatus,0.028444292,3343,0,16,LC
Xiphorhynchus_pardalotus,0.002124656,93,0,10,LC
Xiphorhynchus_spixii,0.005040713,1999,58,30,LC
Xiphorhynchus_susurrans,0.006922191,4794,0,38,LC
Yuhina_flavicollis,0.004028124,107,12,9,LC
Zenaida_macroura,4.86759e-4,2,48,8,LC
Zonotrichia_albicollis,0.004708245,15,16,6,LC
Zonotrichia_atricapilla,0.001309873,44,26,14,LC
Zonotrichia_leucophrys,2.22013e-4,24,88,24,LC
Zoothera_citrina,0.033335507,846,0,8,LC
Zoothera_dauma,0.017313047,1718,0,15,LC
Zoothera_mollissima,0.023393055,3478,34,19,LC
Zosterops_abyssinicus,0.001534426,294,38,20,LC
Zosterops_erythropleurus,0.00210101,26,20,7,LC
Zosterops_flavifrons,0.014631339,2983,0,37,LC
Zosterops_japonicus,8.62262e-4,38,54,12,LC
Zosterops_lateralis,0.006180408,1048,68,35,LC
Zosterops_luteus,0.001873536,12,0,7,LC
Zosterops_maderaspatanus,0.010465386,356,90,18,LC
Zosterops_palpebrosus,0.010874717,1706,412,28,LC
Zosterops_poliogastrus,0.008424984,613,24,13,LC
Zosterops_senegalensis,0.018670189,5057,306,31,LC
Zosterops_xanthochroa,5.96125e-4,10,0,11,LC
