SP	GD	NUM_BP	DROPPED_PAIRS	SEQS	IUCN	status	Split	New Name	N_of_splits	SP1	SP2	SP3	SP4	SP5	SP6	SP7	SP8	SP9	SP10	SP11	SP12	Notes	Included in Phylogeny
Charadrius obscurus	7.89E-04	82	0	14	CR	Threatened	Charadrius aquilonius	NA	1	Charadrius aquilonius	NA	NA	NA	NA	NA	NA	NA	NA	NA	NA	NA	NA	No
Falco pelegrinoides	0.001034577	16	0	6	LC	Non-threatened	lumped with peregrinus	Falco peregrinus	NA	Falco peregrinus	NA	NA	NA	NA	NA	NA	NA	NA	NA	NA	NA	NA	Yes
Carpodacus eos	0.001461088	12	10	6	LC	Non-threatened	now Carpodacus waltoni	Carpodacus waltoni	NA	NA	NA	NA	NA	NA	NA	NA	NA	NA	NA	NA	NA	NA	No
Bambusicola thoracicus	0.001500702	155	0	14	LC	Non-threatened	Bambusicola sonorivox	NA	1	Bambusicola sonorivox	NA	NA	NA	NA	NA	NA	NA	NA	NA	NA	NA	NA	No
Capito wallacei	0.00163237	94	0	11	VU	Threatened	Capito fitzpatricki	NA	1	Capito fitzpatricki	NA	NA	NA	NA	NA	NA	NA	NA	NA	NA	NA	NA	No
Penelopides panini	0.001934876	38	10	9	EN	Threatened	Penelopides affinis, Penelopides mindorensis, Penelopides manillae	NA	3	Penelopides affinis	Penelopides mindorensis	Penelopides manillae	NA	NA	NA	NA	NA	NA	NA	NA	NA	NA	Yes, Yes, Yes
Threskiornis aethiopicus	0.001999734	8	22	7	LC	Non-threatened	Threskiornis bernieri	NA	1	Threskiornis bernieri	NA	NA	NA	NA	NA	NA	NA	NA	NA	NA	NA	NA	Yes
Circus spilonotus	0.002091847	86	0	9	LC	Non-threatened	Circus spilothorax	NA	1	Circus spilothorax	NA	NA	NA	NA	NA	NA	NA	NA	NA	NA	NA	NA	No
Icterus spurius	0.002109892	127	0	12	LC	Non-threatened	Icterus fuertesi	NA	1	Icterus fuertesi	NA	NA	NA	NA	NA	NA	NA	NA	NA	NA	NA	NA	No
Pycnonotus plumosus	0.002443449	466	116	31	LC	Non-threatened	Pycnonotus cinereifrons	NA	1	Pycnonotus cinereifrons	NA	NA	NA	NA	NA	NA	NA	NA	NA	NA	NA	NA	No
Hypsipetes leucocephalus	0.002649004	459	0	18	LC	Non-threatened	Hypsipetes ganeesa	NA	1	Hypsipetes ganeesa	NA	NA	NA	NA	NA	NA	NA	NA	NA	NA	NA	NA	No
Myioborus ornatus	0.003252439	78	0	7	LC	Non-threatened	Myioborus chrysops	NA	1	Myioborus chrysops	NA	NA	NA	NA	NA	NA	NA	NA	NA	NA	NA	NA	No
Poicephalus robustus	0.003507956	15	10	6	VU	Threatened	Poicephalus fuscicollis	NA	1	Poicephalus fuscicollis	NA	NA	NA	NA	NA	NA	NA	NA	NA	NA	NA	NA	No
Aulacorhynchus sulcatus	0.00400217	603	36	19	LC	Non-threatened	Aulacorhynchus calorhynchus	NA	1	Aulacorhynchus calorhynchus	NA	NA	NA	NA	NA	NA	NA	NA	NA	NA	NA	NA	No
Acrocephalus arundinaceus	0.004294648	43	16	7	LC	Non-threatened	Acrocephalus orientalis	NA	1	Acrocephalus orientalis	NA	NA	NA	NA	NA	NA	NA	NA	NA	NA	NA	NA	No
Apus affinis	0.004522734	823	34	25	LC	Non-threatened	Apus nipalensis	NA	1	Apus nipalensis	NA	NA	NA	NA	NA	NA	NA	NA	NA	NA	NA	NA	Yes
Hemiphaga novaeseelandiae	0.004717904	148	0	9	NT	Non-threatened	Hemiphaga chathamensis	NA	1	Hemiphaga chathamensis	NA	NA	NA	NA	NA	NA	NA	NA	NA	NA	NA	NA	No
Ramphocelus icteronotus	0.004790781	10870	8288	130	LC	Non-threatened	Ramphocelus flammigerus	NA	1	Ramphocelus flammigerus	NA	NA	NA	NA	NA	NA	NA	NA	NA	NA	NA	NA	Yes
Turdus naumanni	0.004817867	48	2	6	LC	Non-threatened	Turdus eunomus	NA	1	Turdus eunomus	NA	NA	NA	NA	NA	NA	NA	NA	NA	NA	NA	NA	No
Puffinus lherminieri	0.004848605	140	54	12	LC	Non-threatened	P. baroli, P. bannermani, P. persicus, P. subalaris and P. bailloni	NA	5	Puffinus baroli	Puffinus bannermani	Puffinus persicus	Puffinus subalaris	Puffinus bailloni	NA	NA	NA	NA	NA	NA	NA	NA	No, No, No, No, No
Larus argentatus	0.005141479	10538	746	72	LC	Non-threatened	Larus smithsonianus	NA	1	Larus smithsonianus	NA	NA	NA	NA	NA	NA	NA	NA	NA	NA	NA	NA	No
Petroica australis	0.00521928	65	12	8	LC	Non-threatened	Petroica longipes	NA	1	Petroica longipes	NA	NA	NA	NA	NA	NA	NA	NA	NA	NA	NA	NA	No
Parus caeruleus	0.00564851	3300	724	47	LC	Non-threatened	Cyanistes teneriffae	NA	1	Cyanistes teneriffae	NA	NA	NA	NA	NA	NA	NA	NA	NA	NA	NA	NA	No
Emberiza spodocephala	0.005772919	261	14	12	LC	Non-threatened	Emberiza personata	NA	1	Emberiza personata	NA	NA	NA	NA	NA	NA	NA	NA	NA	NA	NA	NA	No
Leiothrix argentauris	0.005909841	64	8	6	LC	Non-threatened	Leiothrix laurinae	NA	1	Leiothrix laurinae	NA	NA	NA	NA	NA	NA	NA	NA	NA	NA	NA	NA	No
Buteo buteo	0.006012907	62	10	6	LC	Non-threatened	Buteo japonicus, Buteo refectus	NA	2	Buteo japonicus	Buteo refectus	NA	NA	NA	NA	NA	NA	NA	NA	NA	NA	NA	No, No
Pteroglossus inscriptus	0.006248796	148	0	8	LC	Non-threatened	Pteroglossus humboldti	NA	1	Pteroglossus humboldti	NA	NA	NA	NA	NA	NA	NA	NA	NA	NA	NA	NA	No
Lepidocolaptes affinis	0.006261419	5991	0	45	LC	Non-threatened	Lepidocolaptes neglectus	NA	1	Lepidocolaptes neglectus	NA	NA	NA	NA	NA	NA	NA	NA	NA	NA	NA	NA	No
Calonectris diomedea	0.006494384	3318	1138	49	LC	Non-threatened	C. borealis, C. edwardsi	NA	2	Calonectris borealis	Calonectris edwardsi	NA	NA	NA	NA	NA	NA	NA	NA	NA	NA	NA	No, No
Sylvia sarda	0.006570118	62	10	7	LC	Non-threatened	Sylvia balearica	NA	1	Sylvia balearica	NA	NA	NA	NA	NA	NA	NA	NA	NA	NA	NA	NA	No
Pyrrhura leucotis	0.006789158	109	0	6	VU	Threatened	Pyrrhura emma	NA	1	Pyrrhura emma	NA	NA	NA	NA	NA	NA	NA	NA	NA	NA	NA	NA	No
Strophocincla fairbanki	0.006847813	414	0	12	NT	Non-threatened	Trochalopteron meridionale	NA	1	Trochalopteron meridionale	NA	NA	NA	NA	NA	NA	NA	NA	NA	NA	NA	NA	No
Aegithalos caudatus	0.007301464	60895	0	134	LC	Non-threatened	Aegithalos glaucogularis	NA	1	Aegithalos glaucogularis	NA	NA	NA	NA	NA	NA	NA	NA	NA	NA	NA	NA	No
Gallinula chloropus	0.007739195	96	62	11	LC	Non-threatened	Gallinula galeata	NA	1	Gallinula galeata	NA	NA	NA	NA	NA	NA	NA	NA	NA	NA	NA	NA	No
Collocalia linchi	0.007947545	172	20	9	LC	Non-threatened	Collocalia dodgei	NA	1	Collocalia dodgei	NA	NA	NA	NA	NA	NA	NA	NA	NA	NA	NA	NA	No
Eudyptes chrysocome	0.008160396	1234	0	20	VU	Threatened	Eudyptes moseleyi	NA	1	Eudyptes moseleyi	NA	NA	NA	NA	NA	NA	NA	NA	NA	NA	NA	NA	Yes
Icterus cayanensis	0.00822441	998	0	16	LC	Non-threatened	I. chrysocephalus 	NA	1	Icterus chrysocephalus	NA	NA	NA	NA	NA	NA	NA	NA	NA	NA	NA	NA	No
Circus cyaneus	0.008471641	402	50	14	LC	Non-threatened	Circus hudsonius	NA	1	Circus hudsonius	NA	NA	NA	NA	NA	NA	NA	NA	NA	NA	NA	NA	No
Ninox scutulata	0.008785161	16641	0	66	LC	Non-threatened	N. japonica, N. randi and N. obscura	NA	3	Ninox japonica	Ninox randi	Ninox obscura	NA	NA	NA	NA	NA	NA	NA	NA	NA	NA	No, No, No
Carpodacus vinaceus	0.008824946	3929	0	33	LC	Non-threatened	Carpodacus formosanus	NA	1	Carpodacus formosanus	NA	NA	NA	NA	NA	NA	NA	NA	NA	NA	NA	NA	No
Hypothymis azurea	0.008835674	119	0	6	LC	Non-threatened	Hypothymis puella	NA	1	Hypothymis puella	NA	NA	NA	NA	NA	NA	NA	NA	NA	NA	NA	NA	No
Phylloscopus borealis	0.009091053	3978	56	34	LC	Non-threatened	P. examinandus and P. xanthodryas	NA	2	Phylloscopus examinandus	Phylloscopus  xanthodryas	NA	NA	NA	NA	NA	NA	NA	NA	NA	NA	NA	No, No
Pyrrhura melanura	0.009287357	454	0	10	LC	Non-threatened	Pyrrhura pacifica	NA	1	Pyrrhura pacifica	NA	NA	NA	NA	NA	NA	NA	NA	NA	NA	NA	NA	No
Monarcha castaneiventris	0.009505335	147	0	6	LC	Non-threatened	M. megarhynchus and M. ugiensis 	NA	2	Monarcha megarhynchus	Monarcha ugiensis	NA	NA	NA	NA	NA	NA	NA	NA	NA	NA	NA	No, No
Psarocolius angustifrons	0.010292685	334	0	9	LC	Non-threatened	Psarocolius oleagineus	NA	1	Psarocolius oleagineus	NA	NA	NA	NA	NA	NA	NA	NA	NA	NA	NA	NA	No
Pterodroma macroptera	0.01038852	6647	0	35	LC	Non-threatened	Pterodroma gouldi	NA	1	Pterodroma gouldi	NA	NA	NA	NA	NA	NA	NA	NA	NA	NA	NA	NA	No
Zosterops maderaspatanus	0.010465386	356	90	18	LC	Non-threatened	Z. kirki and Z. semiflavus	NA	2	Zosterops kirki	Zosterops semiflavus	NA	NA	NA	NA	NA	NA	NA	NA	NA	NA	NA	No, No
Sclerurus scansor	0.010591117	12576	0	49	LC	Non-threatened	Sclerurus cearensis	NA	1	Sclerurus cearensis	NA	NA	NA	NA	NA	NA	NA	NA	NA	NA	NA	NA	No
Garrulax chinensis	0.010871219	28517	140	71	LC	Non-threatened	Garrulax monachus	NA	1	Garrulax monachus	NA	NA	NA	NA	NA	NA	NA	NA	NA	NA	NA	NA	No
Picus viridis	0.010964075	124	38	10	LC	Non-threatened	Picus sharpei	NA	1	Picus sharpei	NA	NA	NA	NA	NA	NA	NA	NA	NA	NA	NA	NA	No
Xiphorhynchus erythropygius	0.01110989	227	0	7	LC	Non-threatened	Xiphorhynchus aequatorialis	NA	1	Xiphorhynchus aequatorialis	NA	NA	NA	NA	NA	NA	NA	NA	NA	NA	NA	NA	No
Pyrocephalus rubinus	0.011167169	23849	0	60	LC	Non-threatened	P. nanus and P. dubius	NA	2	Pyrocephalus nanus	Pyrocephalus dubius	NA	NA	NA	NA	NA	NA	NA	NA	NA	NA	NA	No, No
Burhinus oedicnemus	0.011194515	1378	0	24	LC	Non-threatened	Burhinus indicus	NA	1	Burhinus indicus	NA	NA	NA	NA	NA	NA	NA	NA	NA	NA	NA	NA	No
Geothlypis poliocephala	0.011220116	173	0	6	LC	Non-threatened	G. auricularis and G. chiriquensis	NA	2	Geothlypis auricularis	Geothlypis chiriquensis	NA	NA	NA	NA	NA	NA	NA	NA	NA	NA	NA	Yes, Yes
Pyrrhura picta	0.011694386	426	0	9	LC	Non-threatened	P. snethlageae, P. parvifrons, P. amazonum, P. lucianii, P. roseifrons, P. peruviana, P. subandina, P. caeruleiceps and P. eisenmanni	NA	9	Pyrrhura snethlageae	Pyrrhura parvifrons	Pyrrhura amazonum	Pyrrhura lucianii	Pyrrhura roseifrons	Pyrrhura peruviana	Pyrrhura subandina	Pyrrhura caeruleiceps	Pyrrhura eisenmanni	NA	NA	NA	NA	No, No, No, No, No, No, No, No, No
Irena puella	0.012591004	788	4	16	LC	Non-threatened	Irena tweeddalii	NA	1	Irena tweeddalii	NA	NA	NA	NA	NA	NA	NA	NA	NA	NA	NA	NA	No
Arachnothera longirostra	0.012641681	86081	0	113	LC	Non-threatened	A. dilutior and A. flammifera 	NA	2	Arachnothera dilutior	Arachnothera flammifera	NA	NA	NA	NA	NA	NA	NA	NA	NA	NA	NA	No, No
Sula dactylatra	0.013095158	135	46	10	LC	Non-threatened	Sula granti	NA	1	Sula granti	NA	NA	NA	NA	NA	NA	NA	NA	NA	NA	NA	NA	Yes
Brotogeris versicolurus	0.013735156	293	0	7	LC	Non-threatened	Brotogeris chiriri	NA	1	Brotogeris chiriri	NA	NA	NA	NA	NA	NA	NA	NA	NA	NA	NA	NA	Yes
Picus canus	0.013831162	92	8	6	LC	Non-threatened	P. guerini and P. dedemi	NA	2	Picus guerini	Picus dedemi	NA	NA	NA	NA	NA	NA	NA	NA	NA	NA	NA	No, No
Troglodytes troglodytes	0.013998292	12960	0	45	LC	Non-threatened	 T. pacificus and T. hiemalis	NA	2	Troglodytes pacificus	Troglodytes hiemalis	NA	NA	NA	NA	NA	NA	NA	NA	NA	NA	NA	No
Cyanopica cyanus	0.01423631	148293	0	137	LC	Non-threatened	Cyanopica cooki	NA	1	Cyanopica cooki	NA	NA	NA	NA	NA	NA	NA	NA	NA	NA	NA	NA	No
Aphelocoma californica	0.014285212	8071	2	38	LC	Non-threatened	Aphelocoma californica and A. insularis	NA	2	Aphelocoma californica	Aphelocoma insularis	NA	NA	NA	NA	NA	NA	NA	NA	NA	NA	NA	Yes, Yes
Phylloscopus collybita	0.014333875	3124	0	22	LC	Non-threatened	Phylloscopus ibericus, Phylloscopus tristis, Phylloscopus canariensis	NA	3	Phylloscopus ibericus	Phylloscopus tristis	Phylloscopus canariensis	NA	NA	NA	NA	NA	NA	NA	NA	NA	NA	Yes, No, Yes
Tockus erythrorhynchus	0.014422857	191	42	10	LC	Non-threatened	Tockus damarensis	NA	1	Tockus damarensis	NA	NA	NA	NA	NA	NA	NA	NA	NA	NA	NA	NA	No
Passerella iliaca	0.01475728	353	44	13	LC	Non-threatened	P. unalaschcensis, P. schistacea and P. megarhyncha 	NA	3	Passerella unalaschcensis	Passerella schistacea	Passerella megarhyncha	NA	NA	NA	NA	NA	NA	NA	NA	NA	NA	No, No, No
Turdus poliocephalus	0.014787733	664	0	10	LC	Non-threatened	T. niveiceos	NA	1	Turdus niveiceos	NA	NA	NA	NA	NA	NA	NA	NA	NA	NA	NA	NA	No
Colaptes auratus	0.01485677	325	30	9	LC	Non-threatened	C. cafer, C. chrysoides, C. mexicanoides	NA	3	Colaptes cafer	Colaptes chrysoides	Colaptes mexicanoides	NA	NA	NA	NA	NA	NA	NA	NA	NA	NA	No, Yes, No
Myrmeciza hemimelaena	0.015042553	32324	0	67	LC	Non-threatened	Sciaphylax castanea	NA	1	Sciaphylax castanea	NA	NA	NA	NA	NA	NA	NA	NA	NA	NA	NA	NA	No
Willisornis poecilinotus	0.015095765	22556	1368	69	LC	Non-threatened	Willisornis vidua, nigrigula	NA	2	Willisornis vidua	Willisornis nigrigula	NA	NA	NA	NA	NA	NA	NA	NA	NA	NA	NA	No, No
Drymophila caudata	0.015110592	53	24	7	NT	Non-threatened	D. klagesi, D. hellmayri and D. striaticeps	NA	3	Drymophila klagesi	Drymophila hellmayri	Drymophila striaticeps	NA	NA	NA	NA	NA	NA	NA	NA	NA	NA	No
Premnoplex tatei	0.0151341	237	0	6	EN	Threatened	Premnoplex pariae	NA	1	Premnoplex pariae	NA	NA	NA	NA	NA	NA	NA	NA	NA	NA	NA	NA	No
Saltator grossus	0.015617821	1920	0	16	LC	Non-threatened	Saltator fuliginosus	NA	1	Saltator fuliginosus	NA	NA	NA	NA	NA	NA	NA	NA	NA	NA	NA	NA	Yes
Aegithalos concinnus	0.01573493	392970	0	231	LC	Non-threatened	Aegithalos iredalei, Aegithalos annamensis	NA	2	Aegithalos iredalei	Aegithalos annamensis	NA	NA	NA	NA	NA	NA	NA	NA	NA	NA	NA	No, No
Dendrocolaptes certhia	0.015799614	15518	0	45	LC	Non-threatened	Dendrocolaptes sanctithomae, Dendrocolaptes punctipectus	NA	2	Dendrocolaptes sanctithomae	Dendrocolaptes punctipectus	NA	NA	NA	NA	NA	NA	NA	NA	NA	NA	NA	Yes, No
Xiphorhynchus fuscus	0.015903436	9487	288	39	LC	Non-threatened	Xiphorhynchus atlanticus	NA	1	Xiphorhynchus atlanticus	NA	NA	NA	NA	NA	NA	NA	NA	NA	NA	NA	NA	No
Cacicus cela	0.016211499	218	0	6	LC	Non-threatened	Cacicus vitellinus	NA	1	Cacicus vitellinus	NA	NA	NA	NA	NA	NA	NA	NA	NA	NA	NA	NA	No
Glaucidium brasilianum	0.016217377	12432	600	49	LC	Non-threatened	Glaucidium tucumanum	NA	1	Glaucidium tucumanum	NA	NA	NA	NA	NA	NA	NA	NA	NA	NA	NA	NA	No
Calandrella cinerea	0.016692604	3625	630	36	LC	Non-threatened	C. eremica and C. blanfordi	NA	2	Calandrella eremica	Calandrella blanfordi	NA	NA	NA	NA	NA	NA	NA	NA	NA	NA	NA	No, No
Zoothera dauma	0.017317221	1718	0	15	LC	Non-threatened	Zoothera aurea, Z. major	NA	2	Zoothera aurea	Zoothera major	NA	NA	NA	NA	NA	NA	NA	NA	NA	NA	NA	No, Yes
Paradoxornis brunneus	0.017429739	418	0	7	LC	Non-threatened	Sinosuthora ricketti	NA	1	Sinosuthora ricketti	NA	NA	NA	NA	NA	NA	NA	NA	NA	NA	NA	NA	No
Pernis celebensis	0.017670683	264	0	10	LC	Non-threatened	Pernis steerei	NA	1	Pernis steerei	NA	NA	NA	NA	NA	NA	NA	NA	NA	NA	NA	NA	No
Certhidea olivacea	0.017903149	1027	0	12	VU	Threatened	Certhidea fusca	NA	1	Certhidea fusca	NA	NA	NA	NA	NA	NA	NA	NA	NA	NA	NA	NA	No
Apteryx australis	0.018350191	233185	1452	175	VU	Threatened	Apteryx australis, A. mantelli and A. rowi 	NA	3	Apteryx australis	Apteryx mantelli	Apteryx rowi	NA	NA	NA	NA	NA	NA	NA	NA	NA	NA	Yes, Yes, No
Cyornis rubeculoides	0.019403676	846	0	10	LC	Non-threatened	Cyornis glaucicomans	NA	1	Cyornis glaucicomans	NA	NA	NA	NA	NA	NA	NA	NA	NA	NA	NA	NA	No
Oceanodroma castro	0.01966755	559	0	8	LC	Non-threatened	Hydrobates monteiroi, Hydrobates matsudairae	NA	2	Hydrobates monteiroi	Hydrobates matsudairae	NA	NA	NA	NA	NA	NA	NA	NA	NA	NA	NA	No, No
Acrocephalus mendanae	0.020588812	5872	0	26	LC	Non-threatened	Acrocephalus percernis	NA	1	Acrocephalus percernis	NA	NA	NA	NA	NA	NA	NA	NA	NA	NA	NA	NA	No
Emberiza tahapisi	0.020620389	350	0	7	LC	Non-threatened	Emberiza goslingi	NA	1	Emberiza goslingi	NA	NA	NA	NA	NA	NA	NA	NA	NA	NA	NA	NA	No
Garrulus glandarius	0.020871725	104664	2628	98	LC	Non-threatened	Garrulus bispecularis, G. leucotis	NA	2	Garrulus bispecularis	Garrulus leucotis	NA	NA	NA	NA	NA	NA	NA	NA	NA	NA	NA	No, No
Amazona farinosa	0.021959976	4515	46	24	NT	Non-threatened	Amazona guatemalae	NA	1	Amazona guatemalae	NA	NA	NA	NA	NA	NA	NA	NA	NA	NA	NA	NA	No
Pica pica	0.022051067	427616	748	189	LC	Non-threatened	Pica mauritanica, Pica asirensis, Pica hudsonia	NA	3	Pica mauritanica	Pica asirensis	Pica hudsonia	NA	NA	NA	NA	NA	NA	NA	NA	NA	NA	No, No, Yes
Carpodacus synoicus	0.022121635	289	8	8	LC	Non-threatened	Carpodacus stoliczkae	NA	1	Carpodacus stoliczkae	NA	NA	NA	NA	NA	NA	NA	NA	NA	NA	NA	NA	No
Acrocephalus stentoreus	0.02213165	1234	0	12	LC	Non-threatened	A. australis	NA	1	Acrocephalus australis	NA	NA	NA	NA	NA	NA	NA	NA	NA	NA	NA	NA	Yes
Amazona ochrocephala	0.02236928	743	20	11	LC	Non-threatened	Amazona oratrix, Amazona auropalliata	NA	2	Amazona oratrix	Amazona auropalliata	NA	NA	NA	NA	NA	NA	NA	NA	NA	NA	NA	Yes, Yes
Prioniturus discurus	0.02287914	335	0	8	LC	Non-threatened	Prioniturus mindorensis	NA	1	Prioniturus mindorensis	NA	NA	NA	NA	NA	NA	NA	NA	NA	NA	NA	NA	No
Phylloscopus davisoni	0.022923264	2362	0	18	LC	Non-threatened	name update: Phylloscopus intensior	Phylloscopus intensior	NA	NA	NA	NA	NA	NA	NA	NA	NA	NA	NA	NA	NA	NA	No
Anthus similis	0.023059714	1392	0	12	LC	Non-threatened	Anthus similis and A. nyassae 	NA	2	Anthus similis	Anthus nyassae	NA	NA	NA	NA	NA	NA	NA	NA	NA	NA	NA	Yes, No
Zoothera mollissima	0.023406044	3478	34	19	LC	Non-threatened	Zoothera griseiceps, Zoothera salimalii	NA	2	Zoothera griseiceps	Zoothera salimalii	NA	NA	NA	NA	NA	NA	NA	NA	NA	NA	NA	No, No
Chloropsis hardwickii	0.023406482	981	26	14	LC	Non-threatened	Chloropsis lazulina	NA	1	Chloropsis lazulina	NA	NA	NA	NA	NA	NA	NA	NA	NA	NA	NA	NA	No
Calandrella brachydactyla	0.023450197	6845	1012	45	LC	Non-threatened	Calandrella dukhunensis	NA	1	Calandrella dukhunensis	NA	NA	NA	NA	NA	NA	NA	NA	NA	NA	NA	NA	No
Otus megalotis	0.023697886	1257	22	12	LC	Non-threatened	Otus nigrorum, O. everetti	NA	2	Otus nigrorum	Otus everetti	NA	NA	NA	NA	NA	NA	NA	NA	NA	NA	NA	No, No
Phylloscopus reguloides	0.024746273	14490	80	42	LC	Non-threatened	Phylloscopus claudiae, P. goodsoni	NA	2	Phylloscopus claudiae	Phylloscopus goodsoni	NA	NA	NA	NA	NA	NA	NA	NA	NA	NA	NA	Yes, Yes
Ficedula parva	0.024946269	5369	0	21	LC	Non-threatened	Ficedula albicilla	NA	1	Ficedula albicilla	NA	NA	NA	NA	NA	NA	NA	NA	NA	NA	NA	NA	Yes
Myrmotherula axillaris	0.025051742	671140	0	231	LC	Non-threatened	Myrmotherula luctuosa	NA	1	Myrmotherula luctuosa	NA	NA	NA	NA	NA	NA	NA	NA	NA	NA	NA	NA	Yes
Pteruthius flaviscapis	0.025151014	3267	0	16	LC	Non-threatened	Pteruthius aeralatus	NA	1	Pteruthius aeralatus	NA	NA	NA	NA	NA	NA	NA	NA	NA	NA	NA	NA	No
Andropadus masukuensis	0.025187402	287	14	8	LC	Non-threatened	Arizelocichla tephrolaema, Arizelocichla montana	NA	2	Arizelocichla tephrolaema	Arizelocichla montana	NA	NA	NA	NA	NA	NA	NA	NA	NA	NA	NA	No, No
Campylorhamphus procurvoides	0.025620151	4501	0	19	LC	Non-threatened	Campylorhamphus procurvoides, C. probatus and C. multostriatus	NA	3	Campylorhamphus procurvoides	Campylorhamphus probatus	Campylorhamphus multostriatus	NA	NA	NA	NA	NA	NA	NA	NA	NA	NA	Yes, No, No
Stachyris ruficeps	0.025651044	150476	240	114	LC	Non-threatened	Cyanoderma ambigua	NA	1	Cyanoderma ambigua	NA	NA	NA	NA	NA	NA	NA	NA	NA	NA	NA	NA	No
Cossypha anomala	0.025851703	258	10	6	NT	Non-threatened	Dessonornis anomalus, D. macclounii and D. mbuluensis	NA	3	Dessonornis anomalus	Dessonornis macclounii	Dessonornis mbuluensis	NA	NA	NA	NA	NA	NA	NA	NA	NA	NA	No, No, No
Illadopsis rufipennis	0.025921826	3930	0	18	LC	Non-threatened	Illadopsis distans	NA	1	Illadopsis distans	NA	NA	NA	NA	NA	NA	NA	NA	NA	NA	NA	NA	No
Luscinia pectoralis	0.026086122	4990	0	20	LC	Non-threatened	Calliope tschebaiewi	NA	1	Calliope tschebaiewi	NA	NA	NA	NA	NA	NA	NA	NA	NA	NA	NA	NA	No
Parula pitiayumi	0.026238769	404	0	6	LC	Non-threatened	Setophaga graysoni	NA	1	Setophaga graysoni	NA	NA	NA	NA	NA	NA	NA	NA	NA	NA	NA	NA	No
Dendroica coronata	0.026809225	836	0	8	LC	Non-threatened	Setophaga auduboni	NA	1	Setophaga auduboni	NA	NA	NA	NA	NA	NA	NA	NA	NA	NA	NA	NA	No
Stiphrornis erythrothorax	0.027077844	7580	48	25	LC	Non-threatened	Stiphrornis xanthogaster, S. pyrrholaemus	NA	2	Stiphrornis xanthogaster	Stiphrornis pyrrholaemus	NA	NA	NA	NA	NA	NA	NA	NA	NA	NA	NA	No, No
Pitta erythrogaster	0.027242023	195870	0	140	LC	Non-threatened	Erythropitta inspeculata, Erythropitta caeruleitorques, Erythropitta palliceps, Erythropitta celebensis, Erythropitta dohertyi, Erythropitta rufiventris, Erythropitta rubrinucha, Erythropitta macklotii, Erythropitta meeki, Erythropitta gazellae, Erythropitta splendida, Erythropitta novaehibernicae	NA	12	Erythropitta inspeculata	Erythropitta caeruleitorques	Erythropitta palliceps	Erythropitta celebensis	Erythropitta dohertyi	Erythropitta rufiventris	Erythropitta rubrinucha	Erythropitta macklotii	Erythropitta meeki	Erythropitta gazellae	Erythropitta splendida	Erythropitta novaehibernicae	NA	No, No, No, No, No, No, No, No, No, No, No, No
Sylvia cantillans	0.027317348	114648	6338	134	LC	Non-threatened	Sylvia subalpina	NA	1	Sylvia subalpina	NA	NA	NA	NA	NA	NA	NA	NA	NA	NA	NA	NA	No
Motacilla flava	0.027632559	1937	334	23	LC	Non-threatened	Motacilla tschutschensis	NA	1	Motacilla tschutschensis	NA	NA	NA	NA	NA	NA	NA	NA	NA	NA	NA	NA	No
Ninox novaeseelandiae	0.027666346	115	34	8	LC	Non-threatened	Ninox boobook	NA	1	Ninox boobook	NA	NA	NA	NA	NA	NA	NA	NA	NA	NA	NA	NA	Yes
Lanius excubitor	0.028101942	20695	66	43	LC	Non-threatened	Lanius excubitor, L. borealis and L. meridionalis	NA	3	Lanius excubitor	Lanius borealis	Lanius meridionalis	NA	NA	NA	NA	NA	NA	NA	NA	NA	NA	Yes, No, Yes
Bubo virginianus	0.028253568	191	48	10	LC	Non-threatened	Bubo magellanicus	NA	1	Bubo magellanicus	NA	NA	NA	NA	NA	NA	NA	NA	NA	NA	NA	NA	Yes
Hieraaetus morphnoides	0.028554857	414	0	6	LC	Non-threatened	Hieraaetus weiskei	NA	1	Hieraaetus weiskei	NA	NA	NA	NA	NA	NA	NA	NA	NA	NA	NA	NA	Yes
Malacoptila striata	0.028596567	931	0	9	NT	Non-threatened	Malacoptila minor	NA	1	Malacoptila minor	NA	NA	NA	NA	NA	NA	NA	NA	NA	NA	NA	NA	No
Carpodacus thura	0.028669055	1061	0	11	LC	Non-threatened	Carpodacus dubius	NA	1	Carpodacus dubius	NA	NA	NA	NA	NA	NA	NA	NA	NA	NA	NA	NA	No
Garrulax erythrocephalus	0.028753906	620	14	9	LC	Non-threatened	T. chrysopterum, T. melanostigma, T. peninsulae	NA	3	Trochalopteron chrysopterum	Trochalopteron melanostigma	Trochalopteron peninsulae	NA	NA	NA	NA	NA	NA	NA	NA	NA	NA	No, No, No
Pomatorhinus ferruginosus	0.028919216	7632	0	23	LC	Non-threatened	Pomatorhinus phayrei	NA	1	Pomatorhinus phayrei	NA	NA	NA	NA	NA	NA	NA	NA	NA	NA	NA	NA	No
Icterus dominicensis	0.029131325	400	0	6	LC	Non-threatened	Icterus portoricensis, Icterus melanopsis, Icterus northropi	NA	3	Icterus portoricensis	Icterus melanopsis	Icterus northropi	NA	NA	NA	NA	NA	NA	NA	NA	NA	NA	No, No, No
Pnoepyga albiventer	0.02984908	497	0	7	LC	Non-threatened	Pnoepyga formosana	NA	1	Pnoepyga formosana	NA	NA	NA	NA	NA	NA	NA	NA	NA	NA	NA	NA	Yes
Automolus rubiginosus	0.030615042	895	0	8	LC	Non-threatened	Clibanornis rufipectus	NA	1	Clibanornis rufipectus	NA	NA	NA	NA	NA	NA	NA	NA	NA	NA	NA	NA	No
Rhipidura javanica	0.030940172	28859	0	41	LC	Non-threatened	Rhipidura nigritorquis	NA	1	Rhipidura nigritorquis	NA	NA	NA	NA	NA	NA	NA	NA	NA	NA	NA	NA	No
Xiphorhynchus guttatus	0.031230001	23873	0	47	LC	Non-threatened	Xiphorhynchus guttatoides	NA	1	Xiphorhynchus guttatoides	NA	NA	NA	NA	NA	NA	NA	NA	NA	NA	NA	NA	No
Zosterops senegalensis	0.03153335	24795	776	50	LC	Non-threatened	Z. poliogastrus, complex variation	NA	1	Zosterops poliogastrus	NA	NA	NA	NA	NA	NA	NA	NA	NA	NA	NA	complex variation	Yes
Hylophilus ochraceiceps	0.031598031	4487	0	17	LC	Non-threatened	Tunchiornis luteifrons	NA	1	Tunchiornis luteifrons	NA	NA	NA	NA	NA	NA	NA	NA	NA	NA	NA	NA	No
Bleda eximius	0.032796914	5951	0	20	NT	Non-threatened	Bleda notatus and B. ugandae	NA	2	Bleda notatus	Bleda ugandae	NA	NA	NA	NA	NA	NA	NA	NA	NA	NA	NA	Yes, No
Phylloscopus inornatus	0.033050073	647	24	9	LC	Non-threatened	Phylloscopus humei	NA	1	Phylloscopus humei	NA	NA	NA	NA	NA	NA	NA	NA	NA	NA	NA	NA	Yes
Phylloscopus trochiloides	0.033165602	1820	0	12	LC	Non-threatened	Phylloscopus trochiloides , P. nitidus and P. plumbeitarsus	NA	3	Phylloscopus trochiloides	Phylloscopus nitidus	Phylloscopus plumbeitarsus	NA	NA	NA	NA	NA	NA	NA	NA	NA	NA	Yes, Yes, No
Aulacorhynchus derbianus	0.033212005	6306	80	22	LC	Non-threatened	Aulacorhynchus whitelianus	NA	1	Aulacorhynchus whitelianus	NA	NA	NA	NA	NA	NA	NA	NA	NA	NA	NA	NA	No
Parus varius	0.033470084	969	0	8	LC	Non-threatened	Sittiparus varius, S. owstoni, S. olivaceus and S. castaneoventris	NA	4	Sittiparus varius	Sittiparus owstoni	Sittiparus olivaceus	Sittiparus castaneoventris	NA	NA	NA	NA	NA	NA	NA	NA	NA	No, No, No, No
Saxicola torquatus	0.034039888	12656	0	29	LC	Non-threatened	Saxicola dacotiae	NA	1	Saxicola dacotiae	NA	NA	NA	NA	NA	NA	NA	NA	NA	NA	NA	NA	Yes
Chloropsis cochinchinensis	0.034460837	1824	0	14	NT	Non-threatened	Chloropsis moluccensis, Chloropsis kinabaluensis	NA	2	Chloropsis moluccensis	Chloropsis kinabaluensis	NA	NA	NA	NA	NA	NA	NA	NA	NA	NA	NA	No, Yes
Forpus xanthopterygius	0.03481754	2781	54	15	LC	Non-threatened	Forpus spengeli	NA	1	Forpus spengeli	NA	NA	NA	NA	NA	NA	NA	NA	NA	NA	NA	NA	No
Terpsiphone paradisi	0.035000652	2016	0	14	LC	Non-threatened	Terpsiphone paradisi, T. incei, T. affinis and T. floris	NA	4	Terpsiphone paradisi	Terpsiphone incei	Terpsiphone affinis	Terpsiphone floris	NA	NA	NA	NA	NA	NA	NA	NA	NA	Yes, No, No, No
Conopophaga lineata	0.035213366	896	16	9	LC	Non-threatened	Conopophaga cearae	NA	1	Conopophaga cearae	NA	NA	NA	NA	NA	NA	NA	NA	NA	NA	NA	NA	Yes
Daphoenositta chrysoptera	0.035374305	3454	16	6	LC	Non-threatened	Daphoenositta papuensis	NA	1	Daphoenositta papuensis	NA	NA	NA	NA	NA	NA	NA	NA	NA	NA	NA	NA	No
Francolinus levaillantoides	0.035714087	681	6	8	LC	Non-threatened	Scleroptila gutturalis (no split, but this name should apply, taxonomic priority)	Scleroptila gutturalis	NA	NA	NA	NA	NA	NA	NA	NA	NA	NA	NA	NA	NA	no split but this name should apply taxonomic priority	No
Scytalopus latrans	0.035974897	147	0	6	LC	Non-threatened	Scytalopus intermedius	NA	1	Scytalopus intermedius	NA	NA	NA	NA	NA	NA	NA	NA	NA	NA	NA	NA	No
Paroaria gularis	0.036160857	2269	0	11	LC	Non-threatened	Paroaria nigrogenis	NA	1	Paroaria nigrogenis	NA	NA	NA	NA	NA	NA	NA	NA	NA	NA	NA	NA	No
Orthonyx novaeguineae	0.036250808	203	0	7	LC	Non-threatened	Orthonyx temminckii	NA	1	Orthonyx temminckii	NA	NA	NA	NA	NA	NA	NA	NA	NA	NA	NA	NA	Yes
Turdus olivaceus	0.036617033	390	0	6	LC	Non-threatened	Turdus abyssinicus, Turdus roehli, T. smithii	NA	3	Turdus abyssinicus	Turdus roehli	Turdus smithii	NA	NA	NA	NA	NA	NA	NA	NA	NA	NA	No, No, No
Lanius meridionalis	0.036924666	75019	2160	87	VU	Threatened	Lanius excubitor (some African/Steppe forms)	NA	1	Lanius excubitor	NA	NA	NA	NA	NA	NA	NA	NA	NA	NA	NA	NA	Yes
Copsychus saularis	0.037093811	21737	0	33	LC	Non-threatened	Copsychus mindanensis	NA	1	Copsychus mindanensis	NA	NA	NA	NA	NA	NA	NA	NA	NA	NA	NA	NA	No
Pitohui kirhocephalus	0.03752365	593	2	10	LC	Non-threatened	Pitohui cerviniventris, Pitohui uropygialis	NA	2	Pitohui cerviniventris	Pitohui uropygialis	NA	NA	NA	NA	NA	NA	NA	NA	NA	NA	NA	No, No
Aegotheles bennettii	0.037688709	551	48	11	LC	Non-threatened	Aegotheles affinis	NA	1	Aegotheles affinis	NA	NA	NA	NA	NA	NA	NA	NA	NA	NA	NA	NA	No
Dendrocincla fuliginosa	0.038238513	1242259	2064	262	LC	Non-threatened	Dendrocincla turdina	NA	1	Dendrocincla turdina	NA	NA	NA	NA	NA	NA	NA	NA	NA	NA	NA	NA	Yes
Bleda notatus	0.038744277	47176	0	51	LC	Non-threatened	Bleda ugandae	NA	1	Bleda ugandae	NA	NA	NA	NA	NA	NA	NA	NA	NA	NA	NA	NA	No
Dendrocopos macei	0.038862904	185	16	6	LC	Non-threatened	Dendrocopos analis	NA	1	Dendrocopos analis	NA	NA	NA	NA	NA	NA	NA	NA	NA	NA	NA	NA	No
Colaptes rubiginosus	0.038885815	579	0	6	LC	Non-threatened	Colaptes aeruginosus	NA	1	Colaptes aeruginosus	NA	NA	NA	NA	NA	NA	NA	NA	NA	NA	NA	NA	No
Saltator coerulescens	0.038927221	2053	0	11	LC	Non-threatened	Saltator olivascens, Saltator grandis	NA	2	Saltator olivascens	Saltator grandis	NA	NA	NA	NA	NA	NA	NA	NA	NA	NA	NA	No, No
Cacicus uropygialis	0.039247852	535	0	6	LC	Non-threatened	Cacicus pacificus	NA	1	Cacicus pacificus	NA	NA	NA	NA	NA	NA	NA	NA	NA	NA	NA	NA	No
Scytalopus speluncae	0.039846112	79118	0	105	LC	Non-threatened	Scytalopus petrophilus, Scytalopus diamantinensis, Scytalopus novacapitalis, Scytalopus pachecoi, Scytalopus gonzagai	NA	5	Scytalopus petrophilus	Scytalopus diamantinensis	Scytalopus novacapitalis	Scytalopus pachecoi	Scytalopus gonzagai	NA	NA	NA	NA	NA	NA	NA	NA	No, No, Yes, Yes, No
Robsonius rabori	0.039917898	3336	0	13	VU	Threatened	Robsomius thompsoni, Robsonius sorsogonensis	NA	2	Robsomius thompsoni	Robsonius sorsogonensis	NA	NA	NA	NA	NA	NA	NA	NA	NA	NA	NA	No, Yes
Basileuterus culicivorus	0.040484499	148736	168	85	LC	Non-threatened	Basileuterus cabanisi, Basileuterus auricapilla	NA	2	Basileuterus cabanisi	Basileuterus auricapilla	NA	NA	NA	NA	NA	NA	NA	NA	NA	NA	NA	No, No
Microcerculus marginatus	0.041348956	179773	1234	101	LC	Non-threatened	Microcerculus philomela	NA	1	Microcerculus philomela	NA	NA	NA	NA	NA	NA	NA	NA	NA	NA	NA	NA	Yes
Piranga flava	0.041670373	1914	0	10	LC	Non-threatened	Piranga hepatica	NA	1	Piranga hepatica	NA	NA	NA	NA	NA	NA	NA	NA	NA	NA	NA	NA	Yes
Pachycephala pectoralis	0.042233471	474	32	8	LC	Non-threatened	Split into ~8 species	NA	NA	NA	NA	NA	NA	NA	NA	NA	NA	NA	NA	NA	NA	Split into ~8 species	No
Caprimulgus longirostris	0.04231456	5048	0	16	LC	Non-threatened	Systellura decussata	NA	1	Systellura decussata	NA	NA	NA	NA	NA	NA	NA	NA	NA	NA	NA	NA	No
Phaeothlypis fulvicauda	0.042742506	1322	16	9	LC	Non-threatened	Myiothlypis mesoleuca, Myiothlypis rivularis, sometimes in Myiothlypis or Basileuterus	NA	2	Myiothlypis mesoleuca	Myiothlypis rivularis	NA	NA	NA	NA	NA	NA	NA	NA	NA	NA	sometimes in Myiothlypis or Basileuterus	No, No
Cyanocompsa cyanoides	0.0429242	2739	0	12	LC	Non-threatened	Cyanoloxia rothschildii	NA	1	Cyanoloxia rothschildii	NA	NA	NA	NA	NA	NA	NA	NA	NA	NA	NA	NA	No
Sittasomus griseicapillus	0.043183092	410	10	6	LC	Non-threatened	Sittasomus griseus	NA	1	Sittasomus griseus	NA	NA	NA	NA	NA	NA	NA	NA	NA	NA	NA	NA	No
Gallinago gallinago	0.04443833	562	24	8	LC	Non-threatened	Gallinago wilsoni	NA	1	Gallinago wilsoni	NA	NA	NA	NA	NA	NA	NA	NA	NA	NA	NA	NA	No
Zosterops japonicus	0.045674978	9166	172	25	LC	Non-threatened	Zosterops meyeni	NA	1	Zosterops meyeni	NA	NA	NA	NA	NA	NA	NA	NA	NA	NA	NA	NA	Yes
Hypocnemis cantator	0.046321993	298	24	8	NT	Non-threatened	Hypocnemis subflava, Hypocnemis flavescens, Hypocnemis peruviana, Hypocnemis ochrogyna, Hypocnemis rondoni, Hypocnemis striata	NA	6	Hypocnemis subflava	Hypocnemis flavescens	Hypocnemis peruviana	Hypocnemis ochrogyna	Hypocnemis rondoni	Hypocnemis striata	NA	NA	NA	NA	NA	NA	NA	Yes, Yes, Yes, Yes, No, Yes
Geothlypis aequinoctialis	0.048077594	997	0	7	LC	Non-threatened	G. auricularis and G. chiriquensis (del Hoyo and Collar 2016) were lumped as G. aequinoctialis, following AOU (1998 & supplements)	NA	2	Geothlypis auricularis	Geothlypis chiriquensis	NA	NA	NA	NA	NA	NA	NA	NA	NA	NA	G. auricularis and G. chiriquensis (del Hoyo and Collar 2016) were lumped as G. aequinoctialis, following AOU (1998 & supplements)	Yes, Yes
Picoides tridactylus	0.048457698	9824	484	33	LC	Non-threatened	P. funebris (del Hoyo and Collar 2014) were previously lumped as P. tridactylus following AOU (2003). P. tridactylus (del Hoyo and Collar 2014) was previously split into P. tridactylus and P. dorsalis following AOU (2003), and prior to that all three taxa were lumped as P. tridactylus following Sibley and Monroe (1990, 1993).	NA	2	Picoides funebris	Picoides dorsalis	NA	NA	NA	NA	NA	NA	NA	NA	NA	NA	NA	No, Yes
Collocalia esculenta	0.049364461	16109	1012	45	LC	Non-threatened	C. dodgei	NA	1	Collocalia dodgei	NA	NA	NA	NA	NA	NA	NA	NA	NA	NA	NA	NA	No
Chlorospingus ophthalmicus	0.050766782	6901	0	16	LC	Non-threatened	Chlorospingus flavopectus (name change, not split)	Chlorospingus flavopectus	NA	NA	NA	NA	NA	NA	NA	NA	NA	NA	NA	NA	NA	NA	No
Otus bakkamoena	0.053911968	526	10	6	LC	Non-threatened	O. semitorques, O. lettia and O. lempiji	NA	3	Otus semitorques	Otus lettia	Otus lempiji	NA	NA	NA	NA	NA	NA	NA	NA	NA	NA	Yes, Yes, Yes
Conopophaga aurita	0.054233049	1917	0	9	LC	Non-threatened	Conopophaga snethlageae	NA	1	Conopophaga snethlageae	NA	NA	NA	NA	NA	NA	NA	NA	NA	NA	NA	NA	No
Xenops minutus	0.055287643	1163845	3474	216	LC	Non-threatened	Xenops genibarbis	NA	1	Xenops genibarbis	NA	NA	NA	NA	NA	NA	NA	NA	NA	NA	NA	NA	No
Megascops guatemalae	0.055520631	2062	54	12	LC	Non-threatened	Megascops vermiculatus	NA	1	Megascops vermiculatus	NA	NA	NA	NA	NA	NA	NA	NA	NA	NA	NA	NA	No
Aulacorhynchus prasinus	0.055610548	39065	1484	67	LC	Non-threatened	Aulacorhynchus wagleri, Aulacorhynchus caeruleogularis, Aulacorhynchus albivitta, Aulacorhynchus cyanolaemus, Aulacorhynchus atrogularis,  	NA	5	Aulacorhynchus wagleri	Aulacorhynchus caeruleogularis	Aulacorhynchus albivitta	Aulacorhynchus cyanolaemus	Aulacorhynchus atrogularis	NA	NA	NA	NA	NA	NA	NA	NA	No, No, No, No, No
Ficedula hyperythra	0.060573329	7455	0	17	LC	Non-threatened	Ficedula luzoniensis	NA	1	Ficedula luzoniensis	NA	NA	NA	NA	NA	NA	NA	NA	NA	NA	NA	NA	No
Schiffornis turdina	0.062489713	1604359	386	236	LC	Non-threatened	Schiffornis stenorhyncha, Schiffornis aenea, Schiffornis veraepacis	NA	3	Schiffornis stenorhyncha	Schiffornis aenea	Schiffornis veraepacis	NA	NA	NA	NA	NA	NA	NA	NA	NA	NA	No, No, No
Macronous gularis	0.073435774	815	10	6	LC	Non-threatened	Macronous bornensis, Macronous flavicollis, Mixornis prillwitzi, Mixornis kelleyi 	NA	4	Macronous bornensis	Macronous flavicollis	Mixornis prillwitzi	Mixornis kelleyi	NA	NA	NA	NA	NA	NA	NA	NA	NA	Yes, Yes, No, No
Scytalopus magellanicus	0.109996001	1242	58	12	LC	Non-threatened	S. altirostris, S. affinis, S. acutirostris, S. urubambae, S. simonsi, S. zimmeri, S. fuscus, S. canus, S. superciliaris, S. schulenbergi	NA	10	Scytalopus altirostris	Scytalopus affinis	Scytalopus acutirostris	Scytalopus urubambae	Scytalopus simonsi	Scytalopus zimmeri	Scytalopus fuscus	Scytalopus canus	Scytalopus superciliaris	Scytalopus schulenbergi	NA	NA	This one is very complicated!	Yes, Yes, Yes, Yes, Yes, Yes, Yes, Yes, Yes, Yes